experiment,processes,repetitions,stage,category,time_avg_s,time_max_s,time_p50_s,time_p95_s,time_p99_s,max_over_avg,max_percent_of_total,cache_valid_repetitions,cache_miss_rate_percent,ipc,io_valid_repetitions,minor_faults_total,major_faults_total,logical_read_total_bytes,logical_write_total_bytes,physical_read_total_bytes,physical_write_total_bytes,send_messages_total,receive_messages_total,send_total_bytes,receive_total_bytes,send_max_rank_bytes,receive_max_rank_bytes,send_messages_avg,send_messages_p95,send_messages_p99,send_messages_max,receive_messages_avg,receive_messages_p95,receive_messages_p99,receive_messages_max,send_bytes_avg,send_bytes_p95,send_bytes_p99,receive_bytes_avg,receive_bytes_p95,receive_bytes_p99
core_cache,1024,6,adjacency_build,compute,0.008977508886235,0.01775781050015,0.00767455750008,0.013820622175,0.0155038676548,1.979105744505,0.0367449364817,6,1.75892038809,0.507110352103,6,102077.0,0.0,0.0,0.0,0.0,0.0,0.0,0.0,0.0,0.0,0.0,0.0,0.0,0.0,0.0,0.0,0.0,0.0,0.0,0.0,0.0,0.0,0.0,0.0,0.0,0.0
core_cache,1024,6,coarse_edge_mesh,setup,0.0138035414082,0.02943306949985,0.0137779067501,0.014677322074899999,0.014973542885150001,2.0401436453199997,0.056624573568749996,6,2.710847281145,0.47714090119700003,6,569962.5,0.0,0.0,0.0,0.0,0.0,0.0,0.0,0.0,0.0,0.0,0.0,0.0,0.0,0.0,0.0,0.0,0.0,0.0,0.0,0.0,0.0,0.0,0.0,0.0,0.0
core_cache,1024,6,coarse_local_size,setup,0.419760236918,0.4963029125,0.4190171165,0.42763789315,0.433247257715,1.181876491985,1.043773205145,6,2.27095569302,0.726100557549,6,4909801.5,0.0,0.0,0.0,0.0,0.0,0.0,0.0,0.0,0.0,0.0,0.0,0.0,0.0,0.0,0.0,0.0,0.0,0.0,0.0,0.0,0.0,0.0,0.0,0.0,0.0
core_cache,1024,6,coarse_mesh_save,io,0.0,0.0,0.0,0.0,0.0,0.0,0.0,6,0.0,0.0,6,0.0,0.0,0.0,0.0,0.0,0.0,0.0,0.0,0.0,0.0,0.0,0.0,0.0,0.0,0.0,0.0,0.0,0.0,0.0,0.0,0.0,0.0,0.0,0.0,0.0,0.0
core_cache,1024,6,coarse_surface_mesh,setup,8.742720497739999,9.013933189,8.716580633,8.89780105605,8.937851234650001,1.031016052975,19.1998016712,6,2.89441675672,0.8045738754735,6,13973610.0,0.0,0.0,0.0,0.0,0.0,0.0,0.0,0.0,0.0,0.0,0.0,0.0,0.0,0.0,0.0,0.0,0.0,0.0,0.0,0.0,0.0,0.0,0.0,0.0,0.0
core_cache,1024,6,coarse_volume_mesh,setup,14.32216935845,15.564523799,14.29870705325,14.64741485465,15.02511671025,1.0870858324700001,33.168749584,6,2.242970964735,0.5618513590834999,6,23196806.0,0.0,0.0,0.0,0.0,0.0,0.0,0.0,0.0,0.0,0.0,0.0,0.0,0.0,0.0,0.0,0.0,0.0,0.0,0.0,0.0,0.0,0.0,0.0,0.0,0.0
core_cache,1024,6,element_count_allgather,communication,0.00326575906152,0.0054214244999,0.003615876000025,0.004600844950095001,0.00493560217983,1.97605966806,0.01157137379965,6,1.7578586073100002,0.5074130576155,6,12184.0,0.0,0.0,0.0,0.0,0.0,1024.0,1024.0,4096.0,4194304.0,4.0,4096.0,1.0,1.0,1.0,1.0,1.0,1.0,1.0,1.0,4.0,4.0,4.0,4096.0,4096.0,4096.0
core_cache,1024,6,element_count_pre_collective_wait,synchronization,0.00322366186182,0.005529634499905,0.00364210500004,0.0049318454750950005,0.005245415129885,1.735235526905,0.01177700213495,6,1.757061307515,0.5075293447264999,6,1402.0,0.0,0.0,0.0,0.0,0.0,0.0,0.0,0.0,0.0,0.0,0.0,0.0,0.0,0.0,0.0,0.0,0.0,0.0,0.0,0.0,0.0,0.0,0.0,0.0,0.0
core_cache,1024,6,face_allgatherv,communication,0.46008879488599996,0.8521012375,0.4559668215,0.8149203962,0.845643275285,1.86110324823,1.81620967573,6,1.8350723062349998,0.5978242733470001,6,1006236.5,0.0,0.0,0.0,0.0,0.0,1024.0,1024.0,4859624.0,4976254976.0,153824.0,4859624.0,1.0,1.0,1.0,1.0,1.0,1.0,1.0,1.0,4745.7265625,4600.0,4600.0,4859624.0,4859624.0,4859624.0
core_cache,1024,6,face_collective_setup,compute,0.00010913692285300001,0.000276412999938,0.0001031712499755,0.000141558499888,0.000160408300037,2.520920257765,0.000588824371421,6,2.08185163066,0.5615780586204999,6,17932.5,0.0,0.0,0.0,0.0,0.0,0.0,0.0,0.0,0.0,0.0,0.0,0.0,0.0,0.0,0.0,0.0,0.0,0.0,0.0,0.0,0.0,0.0,0.0,0.0,0.0
core_cache,1024,6,face_global_merge,compute,0.08599547691505,0.1104091895,0.0856348505,0.08977912902485,0.092055181505,1.285643977985,0.23085071963050002,6,2.096172927865,0.5578640231784999,6,416432.5,0.0,0.0,0.0,0.0,0.0,0.0,0.0,0.0,0.0,0.0,0.0,0.0,0.0,0.0,0.0,0.0,0.0,0.0,0.0,0.0,0.0,0.0,0.0,0.0,0.0
core_cache,1024,6,face_local_extract,compute,0.1710151204755,0.211939613,0.170519013,0.178412743875,0.180430715785,1.239687449765,0.45222017627800004,6,2.106941219695,0.5587826122940001,6,443119.0,0.0,0.0,0.0,0.0,0.0,0.0,0.0,0.0,0.0,0.0,0.0,0.0,0.0,0.0,0.0,0.0,0.0,0.0,0.0,0.0,0.0,0.0,0.0,0.0,0.0
core_cache,1024,6,face_map_setup,compute,0.00777057766748,0.014698729499949999,0.00770482525002,0.00851074925013,0.009052033725015,1.894226297825,0.0313967471045,6,2.082003579585,0.5614994861545,6,115440.5,0.0,0.0,0.0,0.0,0.0,0.0,0.0,0.0,0.0,0.0,0.0,0.0,0.0,0.0,0.0,0.0,0.0,0.0,0.0,0.0,0.0,0.0,0.0,0.0,0.0
core_cache,1024,6,face_pre_collective_wait,synchronization,0.08923414156005,0.137340273,0.09137260050025,0.110787004475,0.12608051858,1.53993472315,0.29306428569099996,6,2.03220063529,0.5681731961915,6,12298.5,0.0,0.0,0.0,0.0,0.0,0.0,0.0,0.0,0.0,0.0,0.0,0.0,0.0,0.0,0.0,0.0,0.0,0.0,0.0,0.0,0.0,0.0,0.0,0.0,0.0
core_cache,1024,6,final_count_exchange,communication,0.0,0.0,0.0,0.0,0.0,0.0,0.0,6,0.0,0.0,6,0.0,0.0,0.0,0.0,0.0,0.0,0.0,0.0,0.0,0.0,0.0,0.0,0.0,0.0,0.0,0.0,0.0,0.0,0.0,0.0,0.0,0.0,0.0,0.0,0.0,0.0
core_cache,1024,6,final_mesh_save,io,0.0,0.0,0.0,0.0,0.0,0.0,0.0,6,0.0,0.0,6,0.0,0.0,0.0,0.0,0.0,0.0,0.0,0.0,0.0,0.0,0.0,0.0,0.0,0.0,0.0,0.0,0.0,0.0,0.0,0.0,0.0,0.0,0.0,0.0,0.0,0.0
core_cache,1024,6,geometry_load,io,1.7638943447300002,1.886487917,1.76227938425,1.795982987375,1.8219770957199999,1.0694220179,4.02533605135,6,1.738113731135,0.871560668088,6,6026135.5,0.0,1060024321.0,0.0,0.0,0.0,0.0,0.0,0.0,0.0,0.0,0.0,0.0,0.0,0.0,0.0,0.0,0.0,0.0,0.0,0.0,0.0,0.0,0.0,0.0,0.0
core_cache,1024,6,local_volume_mesh,compute,7.8061808235850005,10.859338143,7.69424296925,9.10536346025,9.611393501035,1.39110436151,23.13282361935,6,1.72258578757,0.5014710146370001,6,3132922.5,0.0,0.0,0.0,0.0,0.0,0.0,0.0,0.0,0.0,0.0,0.0,0.0,0.0,0.0,0.0,0.0,0.0,0.0,0.0,0.0,0.0,0.0,0.0,0.0,0.0
core_cache,1024,6,metis_partition,compute,1.302376904495,1.391190627,1.3007202115,1.3278060777,1.345305735585,1.068108847255,2.968520856785,6,2.0975034953150002,0.6075974558875,6,1225295.5,0.0,0.0,0.0,0.0,0.0,0.0,0.0,0.0,0.0,0.0,0.0,0.0,0.0,0.0,0.0,0.0,0.0,0.0,0.0,0.0,0.0,0.0,0.0,0.0,0.0
core_cache,1024,6,part_face_create,compute,0.0238048378911,0.037564154000149994,0.023465473,0.025733247475,0.02670053715505,1.5820967984499998,0.07569163890945,6,2.08465265375,0.5604620583885,6,66026.5,0.0,0.0,0.0,0.0,0.0,0.0,0.0,0.0,0.0,0.0,0.0,0.0,0.0,0.0,0.0,0.0,0.0,0.0,0.0,0.0,0.0,0.0,0.0,0.0,0.0
core_cache,1024,6,partition_result_io,io,0.0,0.0,0.0,0.0,0.0,0.0,0.0,6,0.0,0.0,6,0.0,0.0,0.0,0.0,0.0,0.0,0.0,0.0,0.0,0.0,0.0,0.0,0.0,0.0,0.0,0.0,0.0,0.0,0.0,0.0,0.0,0.0,0.0,0.0,0.0,0.0
core_cache,1024,6,quality_rank_io,io,0.0,0.0,0.0,0.0,0.0,0.0,0.0,6,0.0,0.0,6,0.0,0.0,0.0,0.0,0.0,0.0,0.0,0.0,0.0,0.0,0.0,0.0,0.0,0.0,0.0,0.0,0.0,0.0,0.0,0.0,0.0,0.0,0.0,0.0,0.0,0.0
core_cache,1024,6,quality_reduce,communication,0.0,0.0,0.0,0.0,0.0,0.0,0.0,6,0.0,0.0,6,0.0,0.0,0.0,0.0,0.0,0.0,0.0,0.0,0.0,0.0,0.0,0.0,0.0,0.0,0.0,0.0,0.0,0.0,0.0,0.0,0.0,0.0,0.0,0.0,0.0,0.0
core_cache,1024,6,quality_reduce_pre_collective_wait,synchronization,0.0,0.0,0.0,0.0,0.0,0.0,0.0,6,0.0,0.0,6,0.0,0.0,0.0,0.0,0.0,0.0,0.0,0.0,0.0,0.0,0.0,0.0,0.0,0.0,0.0,0.0,0.0,0.0,0.0,0.0,0.0,0.0,0.0,0.0,0.0,0.0
core_cache,1024,6,quality_summary_io,io,0.0,0.0,0.0,0.0,0.0,0.0,0.0,6,0.0,0.0,6,0.0,0.0,0.0,0.0,0.0,0.0,0.0,0.0,0.0,0.0,0.0,0.0,0.0,0.0,0.0,0.0,0.0,0.0,0.0,0.0,0.0,0.0,0.0,0.0,0.0,0.0
core_cache,1024,6,quality_surface_compute,postprocess,0.0,0.0,0.0,0.0,0.0,0.0,0.0,6,0.0,0.0,6,0.0,0.0,0.0,0.0,0.0,0.0,0.0,0.0,0.0,0.0,0.0,0.0,0.0,0.0,0.0,0.0,0.0,0.0,0.0,0.0,0.0,0.0,0.0,0.0,0.0,0.0
core_cache,1024,6,quality_volume_compute,postprocess,0.0,0.0,0.0,0.0,0.0,0.0,0.0,6,0.0,0.0,6,0.0,0.0,0.0,0.0,0.0,0.0,0.0,0.0,0.0,0.0,0.0,0.0,0.0,0.0,0.0,0.0,0.0,0.0,0.0,0.0,0.0,0.0,0.0,0.0,0.0,0.0
core_cache,1024,6,refined_surface_save,io,0.0,0.0,0.0,0.0,0.0,0.0,0.0,6,0.0,0.0,6,0.0,0.0,0.0,0.0,0.0,0.0,0.0,0.0,0.0,0.0,0.0,0.0,0.0,0.0,0.0,0.0,0.0,0.0,0.0,0.0,0.0,0.0,0.0,0.0,0.0,0.0
core_cache,1024,6,refined_volume_save,io,0.0,0.0,0.0,0.0,0.0,0.0,0.0,6,0.0,0.0,6,0.0,0.0,0.0,0.0,0.0,0.0,0.0,0.0,0.0,0.0,0.0,0.0,0.0,0.0,0.0,0.0,0.0,0.0,0.0,0.0,0.0,0.0,0.0,0.0,0.0,0.0
core_cache,1024,6,submesh_initialization,setup,0.00026136743457549997,0.0006924379999875,0.0002096927499905,0.0004031539249355,0.000506234570066,2.66652961811,0.001310542167715,6,2.0819049497,0.56158224078,6,3271.0,0.0,0.0,0.0,0.0,0.0,0.0,0.0,0.0,0.0,0.0,0.0,0.0,0.0,0.0,0.0,0.0,0.0,0.0,0.0,0.0,0.0,0.0,0.0,0.0,0.0
core_cache,1024,6,surface_refine,compute,0.009874931877439999,0.0153390810001,0.01002782275,0.0116059297501,0.01205460006995,1.55268079852,0.03162515144585,6,2.0840092614600003,0.5612409571475,6,12831.5,0.0,0.0,0.0,0.0,0.0,0.0,0.0,0.0,0.0,0.0,0.0,0.0,0.0,0.0,0.0,0.0,0.0,0.0,0.0,0.0,0.0,0.0,0.0,0.0,0.0
core_cache,1024,6,testout_io,io,0.0,0.0,0.0,0.0,0.0,0.0,0.0,6,0.0,0.0,6,0.0,0.0,0.0,0.0,0.0,0.0,0.0,0.0,0.0,0.0,0.0,0.0,0.0,0.0,0.0,0.0,0.0,0.0,0.0,0.0,0.0,0.0,0.0,0.0,0.0,0.0
core_cache,1024,6,vertex_count_allgather,communication,0.009993101503905,0.012399184999805,0.010309178750025001,0.012046080250155,0.01229572179996,1.3276154098,0.02283390080985,6,1.75621843817,0.5075870012205,6,87103.5,0.0,0.0,0.0,0.0,0.0,1024.0,1024.0,4096.0,4194304.0,4.0,4096.0,1.0,1.0,1.0,1.0,1.0,1.0,1.0,1.0,4.0,4.0,4.0,4096.0,4096.0,4096.0
core_cache,1024,6,vertex_count_pre_collective_wait,synchronization,3.5567009563400003,6.7788584115,3.477652684,5.516280259925001,6.092748283800001,1.916645261485,14.4420616823,6,1.15399794112,0.632473319514,6,48835.0,0.0,0.0,0.0,0.0,0.0,0.0,0.0,0.0,0.0,0.0,0.0,0.0,0.0,0.0,0.0,0.0,0.0,0.0,0.0,0.0,0.0,0.0,0.0,0.0,0.0
core_cache,1024,6,vertex_exchange,communication,0.0200511938623,0.0462068465001,0.0207900357501,0.033307721075149996,0.038200763895050005,2.290977831435,0.09741792182355,6,1.7535023936099998,0.5082846483179999,6,450431.0,0.0,0.0,0.0,0.0,0.0,6879.0,6879.0,496787016.0,496787016.0,1547216.0,1626262.0,6.7177734375,13.0,16.0,19.0,6.7177734375,12.0,14.77,17.0,485143.570312,998049.8,1214590.52,485143.570312,1031873.7,1219762.28
core_cache,1024,6,vertex_exchange_prepare,compute,0.0003508664570315,0.00122242600014,0.0003289289998065,0.0007239179999715001,0.0009185058599430001,3.49060269337,0.00261037171052,6,1.758611838635,0.507302284176,6,76743.0,0.0,0.0,0.0,0.0,0.0,0.0,0.0,0.0,0.0,0.0,0.0,0.0,0.0,0.0,0.0,0.0,0.0,0.0,0.0,0.0,0.0,0.0,0.0,0.0,0.0
core_cache,1024,6,vertex_exchange_unpack,compute,0.00794990664306,0.02814070649995,0.00753394900016,0.01662824882505,0.0209944932151,3.4760465368049998,0.05887610216995,6,1.758422618665,0.5072977659369999,6,421789.5,0.0,0.0,0.0,0.0,0.0,0.0,0.0,0.0,0.0,0.0,0.0,0.0,0.0,0.0,0.0,0.0,0.0,0.0,0.0,0.0,0.0,0.0,0.0,0.0,0.0
core_cache,1024,6,vertex_numbering_local,compute,0.0552567345264,0.106410033,0.055206102750150005,0.0791217429999,0.09043110850495,1.924303422965,0.22685042257350002,6,1.760504860545,0.5074275280930001,6,1623546.5,0.0,0.0,0.0,0.0,0.0,0.0,0.0,0.0,0.0,0.0,0.0,0.0,0.0,0.0,0.0,0.0,0.0,0.0,0.0,0.0,0.0,0.0,0.0,0.0,0.0
core_cache,1024,6,volume_exchange_pack,compute,0.9234052493039999,1.4519678845000001,0.915349765,1.1442274626,1.2434931360900001,1.571602303695,3.071082409425,6,1.75081627353,0.522048659949,6,4372131.5,0.0,0.0,0.0,0.0,0.0,0.0,0.0,0.0,0.0,0.0,0.0,0.0,0.0,0.0,0.0,0.0,0.0,0.0,0.0,0.0,0.0,0.0,0.0,0.0,0.0
core_cache,1024,6,volume_exchange_unpack,compute,0.859187337401,1.603728399,0.819334842,1.3404267593,1.43643033566,1.8661484984949999,3.41631785355,6,1.878593026955,0.5199083956574999,6,27878534.5,0.0,0.0,0.0,0.0,0.0,0.0,0.0,0.0,0.0,0.0,0.0,0.0,0.0,0.0,0.0,0.0,0.0,0.0,0.0,0.0,0.0,0.0,0.0,0.0,0.0
core_cache,1024,6,volume_payload_exchange,communication,0.04937372854395,0.115956587,0.049776849999949996,0.0944617669501,0.10847681125,2.296044685825,0.23521023919349998,6,1.74635735245,0.5091177025660001,6,168017.5,0.0,0.0,0.0,0.0,0.0,6866.0,6866.0,10707307440.0,10707307440.0,20661240.0,20682360.0,6.705078125,11.0,13.0,15.0,6.705078125,11.0,13.0,15.0,10456354.9219,15246966.0,16730982.0,10456354.9219,15256182.0,16755546.0
core_cache,1024,6,volume_payload_prepare,compute,0.0053468938291,0.012215403,0.005331026750015001,0.00907410202499,0.010603932245,2.376778270855,0.02606430450225,6,1.758017555105,0.5072961864975001,6,1295622.0,0.0,0.0,0.0,0.0,0.0,0.0,0.0,0.0,0.0,0.0,0.0,0.0,0.0,0.0,0.0,0.0,0.0,0.0,0.0,0.0,0.0,0.0,0.0,0.0,0.0
core_cache,1024,6,volume_refine,compute,3.02733266999,4.1281648275,3.1606577605,3.720217670475,3.91026454133,1.3637053857399999,8.7828913339,6,2.05657312863,0.4691063179925,6,21123686.5,0.0,0.0,0.0,0.0,0.0,0.0,0.0,0.0,0.0,0.0,0.0,0.0,0.0,0.0,0.0,0.0,0.0,0.0,0.0,0.0,0.0,0.0,0.0,0.0,0.0
core_cache,1024,6,volume_size_exchange,communication,0.00796446845849,0.012021375000105,0.007877025499984999,0.00975747860007,0.0102951467549,1.237183742225,0.0216351090198,6,1.7556777827349999,0.5075659678369999,6,34298.5,0.0,0.0,0.0,0.0,0.0,1048576.0,1048576.0,4194304.0,4194304.0,4096.0,4096.0,1024.0,1024.0,1024.0,1024.0,1024.0,1024.0,1024.0,1024.0,4096.0,4096.0,4096.0,4096.0,4096.0,4096.0
core_cache,1024,6,volume_size_exchange_pre_collective_wait,synchronization,0.54422409932,0.9027760595000001,0.5513519437500001,0.755213146125,0.820864033325,1.69891810502,1.8985733210100002,6,1.6198286128600001,0.5300236749855001,6,13218.5,0.0,0.0,0.0,0.0,0.0,0.0,0.0,0.0,0.0,0.0,0.0,0.0,0.0,0.0,0.0,0.0,0.0,0.0,0.0,0.0,0.0,0.0,0.0,0.0,0.0
core_cache,2048,6,adjacency_build,compute,0.01072035753025,0.024003926000000002,0.00911477600005,0.01643417355,0.018241147834900003,2.2451185325200003,0.0568041078274,6,1.6717443402,0.4899785254785,6,139912.0,0.0,0.0,0.0,0.0,0.0,0.0,0.0,0.0,0.0,0.0,0.0,0.0,0.0,0.0,0.0,0.0,0.0,0.0,0.0,0.0,0.0,0.0,0.0,0.0,0.0
core_cache,2048,6,coarse_edge_mesh,setup,0.013768935497050001,0.0287490835003,0.0137472944999,0.0146246636749,0.01498733671005,1.9679038164250002,0.059659102781000006,6,2.70565467885,0.4780285033335,6,1137827.0,0.0,0.0,0.0,0.0,0.0,0.0,0.0,0.0,0.0,0.0,0.0,0.0,0.0,0.0,0.0,0.0,0.0,0.0,0.0,0.0,0.0,0.0,0.0,0.0,0.0
core_cache,2048,6,coarse_local_size,setup,0.420062270031,0.534253922,0.41894702925,0.42773592625,0.43379604082,1.271843777945,1.2633810918,6,2.26965962544,0.7259249024729999,6,9798130.5,0.0,0.0,0.0,0.0,0.0,0.0,0.0,0.0,0.0,0.0,0.0,0.0,0.0,0.0,0.0,0.0,0.0,0.0,0.0,0.0,0.0,0.0,0.0,0.0,0.0
core_cache,2048,6,coarse_mesh_save,io,0.0,0.0,0.0,0.0,0.0,0.0,0.0,6,0.0,0.0,6,0.0,0.0,0.0,0.0,0.0,0.0,0.0,0.0,0.0,0.0,0.0,0.0,0.0,0.0,0.0,0.0,0.0,0.0,0.0,0.0,0.0,0.0,0.0,0.0,0.0,0.0
core_cache,2048,6,coarse_surface_mesh,setup,8.739220276455,9.056643743,8.71750006025,8.891204034225,8.930177472765,1.03627382404,21.3467446646,6,2.89362075392,0.8049255674845,6,27856968.0,0.0,0.0,0.0,0.0,0.0,0.0,0.0,0.0,0.0,0.0,0.0,0.0,0.0,0.0,0.0,0.0,0.0,0.0,0.0,0.0,0.0,0.0,0.0,0.0,0.0
core_cache,2048,6,coarse_volume_mesh,setup,14.30387798565,15.571096769,14.2887359925,14.622544412149999,14.7908654756,1.08843881333,36.70824463424999,6,2.2454520266199998,0.5616259261735,6,41409526.5,0.0,0.0,0.0,0.0,0.0,0.0,0.0,0.0,0.0,0.0,0.0,0.0,0.0,0.0,0.0,0.0,0.0,0.0,0.0,0.0,0.0,0.0,0.0,0.0,0.0
core_cache,2048,6,element_count_allgather,communication,0.00283605092627,0.005292572999905,0.0033932217499999997,0.004449100149975,0.004546353559975,1.897455280495,0.0124543770716,6,1.670679090075,0.49031095400299995,6,19349.5,0.0,0.0,0.0,0.0,0.0,2048.0,2048.0,8192.0,16777216.0,4.0,8192.0,1.0,1.0,1.0,1.0,1.0,1.0,1.0,1.0,4.0,4.0,4.0,8192.0,8192.0,8192.0
core_cache,2048,6,element_count_pre_collective_wait,synchronization,0.0024317163437500003,0.00448192250019,0.002214495500195,0.004209902674880001,0.004379585969950001,1.82517596271,0.009720159797385,6,1.670572149675,0.4903269545365,6,3156.5,0.0,0.0,0.0,0.0,0.0,0.0,0.0,0.0,0.0,0.0,0.0,0.0,0.0,0.0,0.0,0.0,0.0,0.0,0.0,0.0,0.0,0.0,0.0,0.0,0.0
core_cache,2048,6,face_allgatherv,communication,0.872419869452,1.6939748909999999,0.86321934775,1.614143732975,1.67979765874,1.9426246998,3.9952552620599997,6,1.68046468127,0.6216347405455,6,2415155.0,0.0,0.0,0.0,0.0,0.0,2048.0,2048.0,4859624.0,9952509952.0,339848.0,4859624.0,1.0,1.0,1.0,1.0,1.0,1.0,1.0,1.0,2372.86328125,2208.0,2208.0,4859624.0,4859624.0,4859624.0
core_cache,2048,6,face_collective_setup,compute,0.0001074595402825,0.00023972300005,0.000102451249859,0.0001373766499345,0.0001564709999365,2.21888173926,0.000566751937644,6,2.08723719826,0.561691084548,6,34668.5,0.0,0.0,0.0,0.0,0.0,0.0,0.0,0.0,0.0,0.0,0.0,0.0,0.0,0.0,0.0,0.0,0.0,0.0,0.0,0.0,0.0,0.0,0.0,0.0,0.0
core_cache,2048,6,face_global_merge,compute,0.08727726187330001,0.1157040015,0.0869282422501,0.0909115837749,0.092612128545,1.3252399389349998,0.27263528781900004,6,2.10164009993,0.5579309740834999,6,1223557.5,0.0,0.0,0.0,0.0,0.0,0.0,0.0,0.0,0.0,0.0,0.0,0.0,0.0,0.0,0.0,0.0,0.0,0.0,0.0,0.0,0.0,0.0,0.0,0.0,0.0
core_cache,2048,6,face_local_extract,compute,0.1708327907825,0.2220002135,0.17044846824999998,0.178640835775,0.18114936083,1.30026718929,0.519879652526,6,2.11194457441,0.5589208785919999,6,1024464.0,0.0,0.0,0.0,0.0,0.0,0.0,0.0,0.0,0.0,0.0,0.0,0.0,0.0,0.0,0.0,0.0,0.0,0.0,0.0,0.0,0.0,0.0,0.0,0.0,0.0
core_cache,2048,6,face_map_setup,compute,0.008036437631105,0.0150245799998,0.0079920042499,0.008827196099879999,0.00929184918005,1.86897663832,0.035445612283299996,6,2.0874236982400003,0.5616068286489999,6,616252.0,0.0,0.0,0.0,0.0,0.0,0.0,0.0,0.0,0.0,0.0,0.0,0.0,0.0,0.0,0.0,0.0,0.0,0.0,0.0,0.0,0.0,0.0,0.0,0.0,0.0
core_cache,2048,6,face_pre_collective_wait,synchronization,0.1560864413895,0.2142084075,0.1596129295,0.184368592375,0.197582965745,1.380382558625,0.506631212288,6,1.99782913308,0.5727446758679999,6,38574.0,0.0,0.0,0.0,0.0,0.0,0.0,0.0,0.0,0.0,0.0,0.0,0.0,0.0,0.0,0.0,0.0,0.0,0.0,0.0,0.0,0.0,0.0,0.0,0.0,0.0
core_cache,2048,6,final_count_exchange,communication,0.0,0.0,0.0,0.0,0.0,0.0,0.0,6,0.0,0.0,6,0.0,0.0,0.0,0.0,0.0,0.0,0.0,0.0,0.0,0.0,0.0,0.0,0.0,0.0,0.0,0.0,0.0,0.0,0.0,0.0,0.0,0.0,0.0,0.0,0.0,0.0
core_cache,2048,6,final_mesh_save,io,0.0,0.0,0.0,0.0,0.0,0.0,0.0,6,0.0,0.0,6,0.0,0.0,0.0,0.0,0.0,0.0,0.0,0.0,0.0,0.0,0.0,0.0,0.0,0.0,0.0,0.0,0.0,0.0,0.0,0.0,0.0,0.0,0.0,0.0,0.0,0.0
core_cache,2048,6,geometry_load,io,1.764863595025,1.9176464775,1.7630092342500001,1.7968354773500002,1.81865465781,1.086495269945,4.525876247935001,6,1.740070152125,0.871169272329,6,11938647.5,0.0,2120048641.0,0.0,0.0,0.0,0.0,0.0,0.0,0.0,0.0,0.0,0.0,0.0,0.0,0.0,0.0,0.0,0.0,0.0,0.0,0.0,0.0,0.0,0.0,0.0
core_cache,2048,6,local_volume_mesh,compute,6.518471302685,8.925085843000002,6.42332415975,7.488945317725,7.99464977235,1.3690451814900002,20.993121115999998,6,1.61456777805,0.48153780100300003,6,3301648.0,0.0,0.0,0.0,0.0,0.0,0.0,0.0,0.0,0.0,0.0,0.0,0.0,0.0,0.0,0.0,0.0,0.0,0.0,0.0,0.0,0.0,0.0,0.0,0.0,0.0
core_cache,2048,6,metis_partition,compute,1.7240070256450002,1.8645554915,1.7206482205,1.758167818325,1.795848932485,1.08188038194,4.410577625545001,6,1.95525067924,0.6271872983625,6,3284131.5,0.0,0.0,0.0,0.0,0.0,0.0,0.0,0.0,0.0,0.0,0.0,0.0,0.0,0.0,0.0,0.0,0.0,0.0,0.0,0.0,0.0,0.0,0.0,0.0,0.0
core_cache,2048,6,part_face_create,compute,0.0251981574541,0.0434993680001,0.024823956000099998,0.02700857204995,0.02768774920515,1.725640242175,0.1025150729235,6,2.0901841663100003,0.5604969453165001,6,123178.5,0.0,0.0,0.0,0.0,0.0,0.0,0.0,0.0,0.0,0.0,0.0,0.0,0.0,0.0,0.0,0.0,0.0,0.0,0.0,0.0,0.0,0.0,0.0,0.0,0.0
core_cache,2048,6,partition_result_io,io,0.0,0.0,0.0,0.0,0.0,0.0,0.0,6,0.0,0.0,6,0.0,0.0,0.0,0.0,0.0,0.0,0.0,0.0,0.0,0.0,0.0,0.0,0.0,0.0,0.0,0.0,0.0,0.0,0.0,0.0,0.0,0.0,0.0,0.0,0.0,0.0
core_cache,2048,6,quality_rank_io,io,0.0,0.0,0.0,0.0,0.0,0.0,0.0,6,0.0,0.0,6,0.0,0.0,0.0,0.0,0.0,0.0,0.0,0.0,0.0,0.0,0.0,0.0,0.0,0.0,0.0,0.0,0.0,0.0,0.0,0.0,0.0,0.0,0.0,0.0,0.0,0.0
core_cache,2048,6,quality_reduce,communication,0.0,0.0,0.0,0.0,0.0,0.0,0.0,6,0.0,0.0,6,0.0,0.0,0.0,0.0,0.0,0.0,0.0,0.0,0.0,0.0,0.0,0.0,0.0,0.0,0.0,0.0,0.0,0.0,0.0,0.0,0.0,0.0,0.0,0.0,0.0,0.0
core_cache,2048,6,quality_reduce_pre_collective_wait,synchronization,0.0,0.0,0.0,0.0,0.0,0.0,0.0,6,0.0,0.0,6,0.0,0.0,0.0,0.0,0.0,0.0,0.0,0.0,0.0,0.0,0.0,0.0,0.0,0.0,0.0,0.0,0.0,0.0,0.0,0.0,0.0,0.0,0.0,0.0,0.0,0.0
core_cache,2048,6,quality_summary_io,io,0.0,0.0,0.0,0.0,0.0,0.0,0.0,6,0.0,0.0,6,0.0,0.0,0.0,0.0,0.0,0.0,0.0,0.0,0.0,0.0,0.0,0.0,0.0,0.0,0.0,0.0,0.0,0.0,0.0,0.0,0.0,0.0,0.0,0.0,0.0,0.0
core_cache,2048,6,quality_surface_compute,postprocess,0.0,0.0,0.0,0.0,0.0,0.0,0.0,6,0.0,0.0,6,0.0,0.0,0.0,0.0,0.0,0.0,0.0,0.0,0.0,0.0,0.0,0.0,0.0,0.0,0.0,0.0,0.0,0.0,0.0,0.0,0.0,0.0,0.0,0.0,0.0,0.0
core_cache,2048,6,quality_volume_compute,postprocess,0.0,0.0,0.0,0.0,0.0,0.0,0.0,6,0.0,0.0,6,0.0,0.0,0.0,0.0,0.0,0.0,0.0,0.0,0.0,0.0,0.0,0.0,0.0,0.0,0.0,0.0,0.0,0.0,0.0,0.0,0.0,0.0,0.0,0.0,0.0,0.0
core_cache,2048,6,refined_surface_save,io,0.0,0.0,0.0,0.0,0.0,0.0,0.0,6,0.0,0.0,6,0.0,0.0,0.0,0.0,0.0,0.0,0.0,0.0,0.0,0.0,0.0,0.0,0.0,0.0,0.0,0.0,0.0,0.0,0.0,0.0,0.0,0.0,0.0,0.0,0.0,0.0
core_cache,2048,6,refined_volume_save,io,0.0,0.0,0.0,0.0,0.0,0.0,0.0,6,0.0,0.0,6,0.0,0.0,0.0,0.0,0.0,0.0,0.0,0.0,0.0,0.0,0.0,0.0,0.0,0.0,0.0,0.0,0.0,0.0,0.0,0.0,0.0,0.0,0.0,0.0,0.0,0.0
core_cache,2048,6,submesh_initialization,setup,0.0002450773918475,0.012269429500100001,0.0001936127499675,0.0003890703251615,0.00049364959998,49.71686156565,0.025434803716499997,6,2.087289985625,0.5616951054335,6,7898.0,0.0,0.0,0.0,0.0,0.0,0.0,0.0,0.0,0.0,0.0,0.0,0.0,0.0,0.0,0.0,0.0,0.0,0.0,0.0,0.0,0.0,0.0,0.0,0.0,0.0
core_cache,2048,6,surface_refine,compute,0.0069607415642,0.01453614899995,0.0069654622500399995,0.00776093622502,0.00811965308008,2.08801403738,0.0337384570492,6,2.0890366025000002,0.5614398306035,6,29563.0,0.0,0.0,0.0,0.0,0.0,0.0,0.0,0.0,0.0,0.0,0.0,0.0,0.0,0.0,0.0,0.0,0.0,0.0,0.0,0.0,0.0,0.0,0.0,0.0,0.0
core_cache,2048,6,testout_io,io,0.0,0.0,0.0,0.0,0.0,0.0,0.0,6,0.0,0.0,6,0.0,0.0,0.0,0.0,0.0,0.0,0.0,0.0,0.0,0.0,0.0,0.0,0.0,0.0,0.0,0.0,0.0,0.0,0.0,0.0,0.0,0.0,0.0,0.0,0.0,0.0
core_cache,2048,6,vertex_count_allgather,communication,0.0154074674009,0.0171598485001,0.015589091750149999,0.016721109575,0.01681809757015,1.1680367365,0.04043543827085,6,1.668545826225,0.4908572978125,6,182169.0,0.0,0.0,0.0,0.0,0.0,2048.0,2048.0,8192.0,16777216.0,4.0,8192.0,1.0,1.0,1.0,1.0,1.0,1.0,1.0,1.0,4.0,4.0,4.0,8192.0,8192.0,8192.0
core_cache,2048,6,vertex_count_pre_collective_wait,synchronization,2.5991680492800002,4.9999768445,2.62373665875,3.778401902125,4.25043484729,1.911649342015,11.646965592299999,6,1.179047673375,0.5941982613904999,6,99020.0,0.0,0.0,0.0,0.0,0.0,0.0,0.0,0.0,0.0,0.0,0.0,0.0,0.0,0.0,0.0,0.0,0.0,0.0,0.0,0.0,0.0,0.0,0.0,0.0,0.0
core_cache,2048,6,vertex_exchange,communication,0.02227131688675,0.040176962499999996,0.0233705344998,0.0314904612,0.034582797644999996,1.775330525035,0.0930986975675,6,1.666914705595,0.4910703777245,6,1163990.0,0.0,0.0,0.0,0.0,0.0,15136.0,15136.0,680612966.0,680612966.0,952666.0,1081388.0,7.390625,14.0,18.0,22.0,7.390625,12.65,15.0,20.0,332330.549805,675334.0,792851.84,332330.549805,681670.0,812471.66
core_cache,2048,6,vertex_exchange_prepare,compute,0.0003009904133335,0.001015233999851,0.000290863250029,0.0006068904999665,0.0007336912049025,3.39497728658,0.002293377057315,6,1.671353993545,0.49020103087,6,125784.5,0.0,0.0,0.0,0.0,0.0,0.0,0.0,0.0,0.0,0.0,0.0,0.0,0.0,0.0,0.0,0.0,0.0,0.0,0.0,0.0,0.0,0.0,0.0,0.0,0.0
core_cache,2048,6,vertex_exchange_unpack,compute,0.00541561340698,0.01747492150005,0.00522266974997,0.0112349814001,0.013498112065,3.2252247720850002,0.0411768159567,6,1.671252978385,0.49020296976300004,6,515778.0,0.0,0.0,0.0,0.0,0.0,0.0,0.0,0.0,0.0,0.0,0.0,0.0,0.0,0.0,0.0,0.0,0.0,0.0,0.0,0.0,0.0,0.0,0.0,0.0,0.0
core_cache,2048,6,vertex_numbering_local,compute,0.0351263587173,0.0643247959999,0.03453261674995,0.04984656979995,0.055500595725050006,1.83432027238,0.15172272394050001,6,1.672833007,0.4903868812275,6,1671722.5,0.0,0.0,0.0,0.0,0.0,0.0,0.0,0.0,0.0,0.0,0.0,0.0,0.0,0.0,0.0,0.0,0.0,0.0,0.0,0.0,0.0,0.0,0.0,0.0,0.0
core_cache,2048,6,volume_exchange_pack,compute,0.49481045226700004,0.7621130645,0.49299790475,0.597080730475,0.656074331905,1.5416865772550001,1.7754398993,6,1.674958244445,0.49893264497449996,6,6058015.0,0.0,0.0,0.0,0.0,0.0,0.0,0.0,0.0,0.0,0.0,0.0,0.0,0.0,0.0,0.0,0.0,0.0,0.0,0.0,0.0,0.0,0.0,0.0,0.0,0.0
core_cache,2048,6,volume_exchange_unpack,compute,0.464332640035,0.782932204,0.4519272635,0.6413976073250001,0.722113524615,1.68594987621,1.84292617968,6,1.737602704875,0.4986427767975,6,28206765.5,0.0,0.0,0.0,0.0,0.0,0.0,0.0,0.0,0.0,0.0,0.0,0.0,0.0,0.0,0.0,0.0,0.0,0.0,0.0,0.0,0.0,0.0,0.0,0.0,0.0
core_cache,2048,6,volume_payload_exchange,communication,0.04061109542895,0.08766180450015,0.04166922674995,0.07349927289989999,0.08277810791505,2.1220581464299997,0.19777132175950002,6,1.660748722615,0.49192212853350004,6,88038.5,0.0,0.0,0.0,0.0,0.0,13632.0,13632.0,14626598280.0,14626598280.0,11808960.0,11833320.0,6.65625,10.0,12.0,15.0,6.65625,11.0,12.0,15.0,7141893.69141,9846036.0,10824190.8,7141893.69141,9847512.0,10832654.4
core_cache,2048,6,volume_payload_prepare,compute,0.00406716614209,0.01945761,0.004029898749995001,0.006499448799889999,0.00747297451986,4.83497195067,0.046047612583200004,6,1.670929310765,0.49020122487999995,6,2114203.5,0.0,0.0,0.0,0.0,0.0,0.0,0.0,0.0,0.0,0.0,0.0,0.0,0.0,0.0,0.0,0.0,0.0,0.0,0.0,0.0,0.0,0.0,0.0,0.0,0.0
core_cache,2048,6,volume_refine,compute,1.5779269121650001,2.1204489095,1.61228927775,1.848916186975,1.934240454635,1.344172778855,5.001414779895,6,1.858382749265,0.470246376947,6,20969565.5,0.0,0.0,0.0,0.0,0.0,0.0,0.0,0.0,0.0,0.0,0.0,0.0,0.0,0.0,0.0,0.0,0.0,0.0,0.0,0.0,0.0,0.0,0.0,0.0,0.0
core_cache,2048,6,volume_size_exchange,communication,0.021188717469699997,0.02264701449985,0.02118019099995,0.02136703702495,0.021433679999950002,1.0369427551300001,0.05340481509995,6,1.6611985468550001,0.491326533837,6,55720.5,0.0,0.0,0.0,0.0,0.0,4194304.0,4194304.0,16777216.0,16777216.0,8192.0,8192.0,2048.0,2048.0,2048.0,2048.0,2048.0,2048.0,2048.0,2048.0,8192.0,8192.0,8192.0,8192.0,8192.0,8192.0
core_cache,2048,6,volume_size_exchange_pre_collective_wait,synchronization,0.2716569882795,0.4784204655,0.271888546,0.37578336702500004,0.41525685529,1.7381428264149998,1.13169449691,6,1.595356152415,0.5032712765595,6,5285.0,0.0,0.0,0.0,0.0,0.0,0.0,0.0,0.0,0.0,0.0,0.0,0.0,0.0,0.0,0.0,0.0,0.0,0.0,0.0,0.0,0.0,0.0,0.0,0.0,0.0
core_cache,4096,6,adjacency_build,compute,0.01230231436105,0.03410115,0.01074226699995,0.0189336294999,0.0214572319501,2.76412729803,0.0788687216886,6,1.7264531812750001,0.49113832405,6,294239.5,0.0,0.0,0.0,0.0,0.0,0.0,0.0,0.0,0.0,0.0,0.0,0.0,0.0,0.0,0.0,0.0,0.0,0.0,0.0,0.0,0.0,0.0,0.0,0.0,0.0
core_cache,4096,6,coarse_edge_mesh,setup,0.01266361261425,0.0147380405001,0.01262990574995,0.01345862450005,0.013797341724899999,1.164039968385,0.034110779782649994,6,2.7469704408149997,0.47981065363,6,608291.0,0.0,0.0,0.0,0.0,0.0,0.0,0.0,0.0,0.0,0.0,0.0,0.0,0.0,0.0,0.0,0.0,0.0,0.0,0.0,0.0,0.0,0.0,0.0,0.0,0.0
core_cache,4096,6,coarse_local_size,setup,0.4182425352915,0.583323538,0.41733185175,0.42572260412499996,0.4311151619,1.394910361275,1.3480387979450001,6,2.267388148875,0.7264126442334999,6,19475687.0,0.0,0.0,0.0,0.0,0.0,0.0,0.0,0.0,0.0,0.0,0.0,0.0,0.0,0.0,0.0,0.0,0.0,0.0,0.0,0.0,0.0,0.0,0.0,0.0,0.0
core_cache,4096,6,coarse_mesh_save,io,0.0,0.0,0.0,0.0,0.0,0.0,0.0,6,0.0,0.0,6,0.0,0.0,0.0,0.0,0.0,0.0,0.0,0.0,0.0,0.0,0.0,0.0,0.0,0.0,0.0,0.0,0.0,0.0,0.0,0.0,0.0,0.0,0.0,0.0,0.0,0.0
core_cache,4096,6,coarse_surface_mesh,setup,8.746617130105001,9.0825440165,8.72321370275,8.8997457575,8.94173678725,1.038435576395,20.97692836905,6,2.88977326232,0.8035084549425,6,50678822.5,0.0,0.0,0.0,0.0,0.0,0.0,0.0,0.0,0.0,0.0,0.0,0.0,0.0,0.0,0.0,0.0,0.0,0.0,0.0,0.0,0.0,0.0,0.0,0.0,0.0
core_cache,4096,6,coarse_volume_mesh,setup,14.617703966,15.8636770855,14.4797663515,15.4132557552,15.60747600025,1.08543151119,36.670645848999996,6,2.27584550065,0.5626904851895,6,87493263.5,0.0,0.0,0.0,0.0,0.0,0.0,0.0,0.0,0.0,0.0,0.0,0.0,0.0,0.0,0.0,0.0,0.0,0.0,0.0,0.0,0.0,0.0,0.0,0.0,0.0
core_cache,4096,6,element_count_allgather,communication,0.00153408958948,0.0165385545001,0.001316859999975,0.003282995749885,0.00393972717502,7.705856184630001,0.03415639305595,6,1.72359024767,0.4917103041275,6,12837.0,0.0,0.0,0.0,0.0,0.0,4096.0,4096.0,16384.0,67108864.0,4.0,16384.0,1.0,1.0,1.0,1.0,1.0,1.0,1.0,1.0,4.0,4.0,4.0,16384.0,16384.0,16384.0
core_cache,4096,6,element_count_pre_collective_wait,synchronization,0.00248092017969,0.003779384999915,0.0026724347498000003,0.002974924999875,0.0030366427499100004,1.5218011324499998,0.008730434819715,6,1.72093481154,0.49186698282450003,6,12119.0,0.0,0.0,0.0,0.0,0.0,0.0,0.0,0.0,0.0,0.0,0.0,0.0,0.0,0.0,0.0,0.0,0.0,0.0,0.0,0.0,0.0,0.0,0.0,0.0,0.0
core_cache,4096,6,face_allgatherv,communication,1.8566368726150002,4.0578914805,1.7786504220000001,3.795972794375,4.010534883175,2.183757219575,9.359227208255,6,1.43511198694,0.672705219066,6,6118793.0,0.0,0.0,0.0,0.0,0.0,4096.0,4096.0,4859624.0,19905019904.0,338744.0,4859624.0,1.0,1.0,1.0,1.0,1.0,1.0,1.0,1.0,1186.43164062,1104.0,1104.0,4859624.0,4859624.0,4859624.0
core_cache,4096,6,face_collective_setup,compute,0.00010599515478399999,0.000255423000226,0.0001015859999145,0.0001345563750305,0.000150477949865,2.412826772285,0.0005902731125025,6,2.1370879608399997,0.5628581970365001,6,71067.5,0.0,0.0,0.0,0.0,0.0,0.0,0.0,0.0,0.0,0.0,0.0,0.0,0.0,0.0,0.0,0.0,0.0,0.0,0.0,0.0,0.0,0.0,0.0,0.0,0.0
core_cache,4096,6,face_global_merge,compute,0.08741308183339999,0.115175247,0.08692973674974999,0.09086395612505,0.09257382070005,1.317494876225,0.264519204678,6,2.15148162237,0.5590454071944999,6,2366403.5,0.0,0.0,0.0,0.0,0.0,0.0,0.0,0.0,0.0,0.0,0.0,0.0,0.0,0.0,0.0,0.0,0.0,0.0,0.0,0.0,0.0,0.0,0.0,0.0,0.0
core_cache,4096,6,face_local_extract,compute,0.1768468852905,0.21688871399999998,0.176229847,0.183723881,0.18585318195,1.226255743815,0.49866423714700003,6,2.16084379579,0.5596369436390001,6,2796895.5,0.0,0.0,0.0,0.0,0.0,0.0,0.0,0.0,0.0,0.0,0.0,0.0,0.0,0.0,0.0,0.0,0.0,0.0,0.0,0.0,0.0,0.0,0.0,0.0,0.0
core_cache,4096,6,face_map_setup,compute,0.008158801799315,0.0110459309999,0.008118435499909999,0.009193755875175,0.009636629374895001,1.35387705505,0.025545235725350002,6,2.137277571725,0.562776273841,6,2157286.5,0.0,0.0,0.0,0.0,0.0,0.0,0.0,0.0,0.0,0.0,0.0,0.0,0.0,0.0,0.0,0.0,0.0,0.0,0.0,0.0,0.0,0.0,0.0,0.0,0.0
core_cache,4096,6,face_pre_collective_wait,synchronization,0.137356487122,0.19252447150000002,0.14013602325,0.16708323800000002,0.1745737382,1.401617455115,0.434896992442,6,2.055445841095,0.5722682305119999,6,105942.0,0.0,0.0,0.0,0.0,0.0,0.0,0.0,0.0,0.0,0.0,0.0,0.0,0.0,0.0,0.0,0.0,0.0,0.0,0.0,0.0,0.0,0.0,0.0,0.0,0.0
core_cache,4096,6,final_count_exchange,communication,0.0,0.0,0.0,0.0,0.0,0.0,0.0,6,0.0,0.0,6,0.0,0.0,0.0,0.0,0.0,0.0,0.0,0.0,0.0,0.0,0.0,0.0,0.0,0.0,0.0,0.0,0.0,0.0,0.0,0.0,0.0,0.0,0.0,0.0,0.0,0.0
core_cache,4096,6,final_mesh_save,io,0.0,0.0,0.0,0.0,0.0,0.0,0.0,6,0.0,0.0,6,0.0,0.0,0.0,0.0,0.0,0.0,0.0,0.0,0.0,0.0,0.0,0.0,0.0,0.0,0.0,0.0,0.0,0.0,0.0,0.0,0.0,0.0,0.0,0.0,0.0,0.0
core_cache,4096,6,geometry_load,io,1.763090225535,1.9690328685,1.7616100179999998,1.79504550675,1.825327652,1.11689876053,4.553569687435,6,1.752729952925,0.8714268557185,6,21976859.5,0.0,4240097281.0,0.0,0.0,0.0,0.0,0.0,0.0,0.0,0.0,0.0,0.0,0.0,0.0,0.0,0.0,0.0,0.0,0.0,0.0,0.0,0.0,0.0,0.0,0.0
core_cache,4096,6,local_volume_mesh,compute,5.56176389283,9.0057516175,5.693847190750001,6.669677199624999,7.102978735275,1.61947388392,20.79969845825,6,1.6644577737050001,0.48187937106150003,6,2922997.5,0.0,0.0,0.0,0.0,0.0,0.0,0.0,0.0,0.0,0.0,0.0,0.0,0.0,0.0,0.0,0.0,0.0,0.0,0.0,0.0,0.0,0.0,0.0,0.0,0.0
core_cache,4096,6,metis_partition,compute,2.09175827485,2.230676087,2.0888920675,2.129403169625,2.159580160675,1.066586193435,5.13527803515,6,1.8734444777850001,0.6463400065939999,6,8228323.0,0.0,0.0,0.0,0.0,0.0,0.0,0.0,0.0,0.0,0.0,0.0,0.0,0.0,0.0,0.0,0.0,0.0,0.0,0.0,0.0,0.0,0.0,0.0,0.0,0.0
core_cache,4096,6,part_face_create,compute,0.0270858947007,0.04439527099975,0.026738482249899997,0.02901737425005,0.0298740964752,1.638301429885,0.10179571546669999,6,2.140241493325,0.5615515167359999,6,585200.0,0.0,0.0,0.0,0.0,0.0,0.0,0.0,0.0,0.0,0.0,0.0,0.0,0.0,0.0,0.0,0.0,0.0,0.0,0.0,0.0,0.0,0.0,0.0,0.0,0.0
core_cache,4096,6,partition_result_io,io,0.0,0.0,0.0,0.0,0.0,0.0,0.0,6,0.0,0.0,6,0.0,0.0,0.0,0.0,0.0,0.0,0.0,0.0,0.0,0.0,0.0,0.0,0.0,0.0,0.0,0.0,0.0,0.0,0.0,0.0,0.0,0.0,0.0,0.0,0.0,0.0
core_cache,4096,6,quality_rank_io,io,0.0,0.0,0.0,0.0,0.0,0.0,0.0,6,0.0,0.0,6,0.0,0.0,0.0,0.0,0.0,0.0,0.0,0.0,0.0,0.0,0.0,0.0,0.0,0.0,0.0,0.0,0.0,0.0,0.0,0.0,0.0,0.0,0.0,0.0,0.0,0.0
core_cache,4096,6,quality_reduce,communication,0.0,0.0,0.0,0.0,0.0,0.0,0.0,6,0.0,0.0,6,0.0,0.0,0.0,0.0,0.0,0.0,0.0,0.0,0.0,0.0,0.0,0.0,0.0,0.0,0.0,0.0,0.0,0.0,0.0,0.0,0.0,0.0,0.0,0.0,0.0,0.0
core_cache,4096,6,quality_reduce_pre_collective_wait,synchronization,0.0,0.0,0.0,0.0,0.0,0.0,0.0,6,0.0,0.0,6,0.0,0.0,0.0,0.0,0.0,0.0,0.0,0.0,0.0,0.0,0.0,0.0,0.0,0.0,0.0,0.0,0.0,0.0,0.0,0.0,0.0,0.0,0.0,0.0,0.0,0.0
core_cache,4096,6,quality_summary_io,io,0.0,0.0,0.0,0.0,0.0,0.0,0.0,6,0.0,0.0,6,0.0,0.0,0.0,0.0,0.0,0.0,0.0,0.0,0.0,0.0,0.0,0.0,0.0,0.0,0.0,0.0,0.0,0.0,0.0,0.0,0.0,0.0,0.0,0.0,0.0,0.0
core_cache,4096,6,quality_surface_compute,postprocess,0.0,0.0,0.0,0.0,0.0,0.0,0.0,6,0.0,0.0,6,0.0,0.0,0.0,0.0,0.0,0.0,0.0,0.0,0.0,0.0,0.0,0.0,0.0,0.0,0.0,0.0,0.0,0.0,0.0,0.0,0.0,0.0,0.0,0.0,0.0,0.0
core_cache,4096,6,quality_volume_compute,postprocess,0.0,0.0,0.0,0.0,0.0,0.0,0.0,6,0.0,0.0,6,0.0,0.0,0.0,0.0,0.0,0.0,0.0,0.0,0.0,0.0,0.0,0.0,0.0,0.0,0.0,0.0,0.0,0.0,0.0,0.0,0.0,0.0,0.0,0.0,0.0,0.0
core_cache,4096,6,refined_surface_save,io,0.0,0.0,0.0,0.0,0.0,0.0,0.0,6,0.0,0.0,6,0.0,0.0,0.0,0.0,0.0,0.0,0.0,0.0,0.0,0.0,0.0,0.0,0.0,0.0,0.0,0.0,0.0,0.0,0.0,0.0,0.0,0.0,0.0,0.0,0.0,0.0
core_cache,4096,6,refined_volume_save,io,0.0,0.0,0.0,0.0,0.0,0.0,0.0,6,0.0,0.0,6,0.0,0.0,0.0,0.0,0.0,0.0,0.0,0.0,0.0,0.0,0.0,0.0,0.0,0.0,0.0,0.0,0.0,0.0,0.0,0.0,0.0,0.0,0.0,0.0,0.0,0.0
core_cache,4096,6,submesh_initialization,setup,0.0002225107650145,0.012915956999899999,0.0001893124999695,0.00037181487510899996,0.000456875974987,57.746687558800005,0.029734440967899997,6,2.1371393471899998,0.5628621340269999,6,34660.0,0.0,0.0,0.0,0.0,0.0,0.0,0.0,0.0,0.0,0.0,0.0,0.0,0.0,0.0,0.0,0.0,0.0,0.0,0.0,0.0,0.0,0.0,0.0,0.0,0.0
core_cache,4096,6,surface_refine,compute,0.005111700638675,0.018533746999750002,0.005091850749975,0.005703418250105,0.006116697549865,3.625524958325,0.042735111154150004,6,2.13858069599,0.562663963887,6,45916.5,0.0,0.0,0.0,0.0,0.0,0.0,0.0,0.0,0.0,0.0,0.0,0.0,0.0,0.0,0.0,0.0,0.0,0.0,0.0,0.0,0.0,0.0,0.0,0.0,0.0
core_cache,4096,6,testout_io,io,0.0,0.0,0.0,0.0,0.0,0.0,0.0,6,0.0,0.0,6,0.0,0.0,0.0,0.0,0.0,0.0,0.0,0.0,0.0,0.0,0.0,0.0,0.0,0.0,0.0,0.0,0.0,0.0,0.0,0.0,0.0,0.0,0.0,0.0,0.0,0.0
core_cache,4096,6,vertex_count_allgather,communication,0.021950162538450002,0.0235893355002,0.02193010475,0.02210317075005,0.022202466099900002,1.2244611392250002,0.04772873686425,6,1.717061509715,0.492738764058,6,195779.5,0.0,0.0,0.0,0.0,0.0,4096.0,4096.0,16384.0,67108864.0,4.0,16384.0,1.0,1.0,1.0,1.0,1.0,1.0,1.0,1.0,4.0,4.0,4.0,16384.0,16384.0,16384.0
core_cache,4096,6,vertex_count_pre_collective_wait,synchronization,4.026382432285001,7.335327417,3.97480355,5.543510764500001,6.007654461675,1.8104413737049998,16.986836445450002,6,1.0238160016950002,0.648730149523,6,203065.5,0.0,0.0,0.0,0.0,0.0,0.0,0.0,0.0,0.0,0.0,0.0,0.0,0.0,0.0,0.0,0.0,0.0,0.0,0.0,0.0,0.0,0.0,0.0,0.0,0.0
core_cache,4096,6,vertex_exchange,communication,0.0191811351605,0.039785420000050004,0.019528031750050003,0.02900564162525,0.03189053174995,2.023897756905,0.0891482132318,6,1.72170582877,0.49220674194150005,6,976141.0,0.0,0.0,0.0,0.0,0.0,32231.0,32231.0,933112180.0,933112180.0,636174.0,720940.0,7.86889648438,15.0,19.0,29.0,7.86889648438,13.0,15.0,20.0,227810.59082,450648.0,537923.1,227810.59082,453420.0,543510.0
core_cache,4096,6,vertex_exchange_prepare,compute,8.03603237329e-05,0.0007312979998915,6.570050004485001e-05,0.00018963249988200001,0.0003371385000945,9.09959468064,0.0016911387063449999,6,1.726017377665,0.491396492302,6,44164.0,0.0,0.0,0.0,0.0,0.0,0.0,0.0,0.0,0.0,0.0,0.0,0.0,0.0,0.0,0.0,0.0,0.0,0.0,0.0,0.0,0.0,0.0,0.0,0.0,0.0
core_cache,4096,6,vertex_exchange_unpack,compute,0.003718620238895,0.01320232900005,0.003505512499825,0.00757496249986,0.00949031999994,3.551521928135,0.03053136132475,6,1.72593246407,0.4913988753815,6,1050347.5,0.0,0.0,0.0,0.0,0.0,0.0,0.0,0.0,0.0,0.0,0.0,0.0,0.0,0.0,0.0,0.0,0.0,0.0,0.0,0.0,0.0,0.0,0.0,0.0,0.0
core_cache,4096,6,vertex_numbering_local,compute,0.0203309857744,0.04582102400015,0.0198435335,0.02809556012475,0.03200515725,2.25494552884,0.10231474037005,6,1.726644006855,0.49160383057900003,6,214921.5,0.0,0.0,0.0,0.0,0.0,0.0,0.0,0.0,0.0,0.0,0.0,0.0,0.0,0.0,0.0,0.0,0.0,0.0,0.0,0.0,0.0,0.0,0.0,0.0,0.0
core_cache,4096,6,volume_exchange_pack,compute,0.2640761700375,0.450314922,0.25974899325,0.3272837365,0.3615096573,1.70603130713,1.02597985336,6,1.7288256773650001,0.496815378868,6,4282628.0,0.0,0.0,0.0,0.0,0.0,0.0,0.0,0.0,0.0,0.0,0.0,0.0,0.0,0.0,0.0,0.0,0.0,0.0,0.0,0.0,0.0,0.0,0.0,0.0,0.0
core_cache,4096,6,volume_exchange_unpack,compute,0.2587728531135,0.6224493015,0.2561976735,0.319587675375,0.354062596275,2.40558306521,1.43743197976,6,1.7598580239400001,0.4969613669435,6,30797514.0,0.0,0.0,0.0,0.0,0.0,0.0,0.0,0.0,0.0,0.0,0.0,0.0,0.0,0.0,0.0,0.0,0.0,0.0,0.0,0.0,0.0,0.0,0.0,0.0,0.0
core_cache,4096,6,volume_payload_exchange,communication,0.031660301173099994,0.07618090000005,0.0304116599999,0.060096583499999995,0.0688060398499,2.3225856379599996,0.167943176308,6,1.7168747303299998,0.49280136080299997,6,138932.0,0.0,0.0,0.0,0.0,0.0,25756.0,25756.0,19989306360.0,19989306360.0,8856840.0,8878800.0,6.2880859375,9.0,10.0,13.0,6.2880859375,9.0,10.0,13.0,4880201.74805,6881280.0,6898800.0,4880201.74805,6886590.0,6901230.0
core_cache,4096,6,volume_payload_prepare,compute,0.002204583667115,0.011943451,0.0022222099998999998,0.00425062087493,0.004928562050045,5.350936027795,0.0275883509448,6,1.7256981147700001,0.491398060726,6,2226750.5,0.0,0.0,0.0,0.0,0.0,0.0,0.0,0.0,0.0,0.0,0.0,0.0,0.0,0.0,0.0,0.0,0.0,0.0,0.0,0.0,0.0,0.0,0.0,0.0,0.0
core_cache,4096,6,volume_refine,compute,0.7963384232235,1.237574596,0.7980783767499999,0.9232206940000001,0.9832411484,1.5535304972900001,2.8555311041850002,6,1.8314243499499998,0.4815203941445,6,25828481.0,0.0,0.0,0.0,0.0,0.0,0.0,0.0,0.0,0.0,0.0,0.0,0.0,0.0,0.0,0.0,0.0,0.0,0.0,0.0,0.0,0.0,0.0,0.0,0.0,0.0
core_cache,4096,6,volume_size_exchange,communication,0.02527702796265,0.02736798699995,0.02525828499995,0.02551549475,0.02560415949995,1.19223915855,0.06317929547579999,6,1.7207495965900002,0.4927108266065,6,133796.5,0.0,0.0,0.0,0.0,0.0,16777216.0,16777216.0,67108864.0,67108864.0,16384.0,16384.0,4096.0,4096.0,4096.0,4096.0,4096.0,4096.0,4096.0,4096.0,16384.0,16384.0,16384.0,16384.0,16384.0,16384.0
core_cache,4096,6,volume_size_exchange_pre_collective_wait,synchronization,0.192241286462,0.30751062500000004,0.19578049125000002,0.25122013774999996,0.276475744975,1.599814645925,0.6947981348865,6,1.660224627935,0.5015164933035,6,9967.5,0.0,0.0,0.0,0.0,0.0,0.0,0.0,0.0,0.0,0.0,0.0,0.0,0.0,0.0,0.0,0.0,0.0,0.0,0.0,0.0,0.0,0.0,0.0,0.0,0.0
core_cache,8192,6,adjacency_build,compute,0.01463257741915,0.041656078,0.013216504,0.0221720147,0.024957982305,2.84654268186,0.08049816872214999,6,1.64305853656,0.472153255935,6,1502271.5,0.0,0.0,0.0,0.0,0.0,0.0,0.0,0.0,0.0,0.0,0.0,0.0,0.0,0.0,0.0,0.0,0.0,0.0,0.0,0.0,0.0,0.0,0.0,0.0,0.0
core_cache,8192,6,coarse_edge_mesh,setup,0.0147086615624,0.043440520999999996,0.0145999535,0.0160211757,0.01683916497,2.93206367149,0.09283567380800001,6,2.75718181343,0.4660796663755,6,9549942.5,0.0,0.0,0.0,0.0,0.0,0.0,0.0,0.0,0.0,0.0,0.0,0.0,0.0,0.0,0.0,0.0,0.0,0.0,0.0,0.0,0.0,0.0,0.0,0.0,0.0
core_cache,8192,6,coarse_local_size,setup,0.5143169042744999,0.9645630540000001,0.5103230555,0.5350230111500001,0.649990444875,1.88535878143,2.05670196932,6,2.2742780861150003,0.7132634251709999,6,83191724.5,0.0,0.0,0.0,0.0,0.0,0.0,0.0,0.0,0.0,0.0,0.0,0.0,0.0,0.0,0.0,0.0,0.0,0.0,0.0,0.0,0.0,0.0,0.0,0.0,0.0
core_cache,8192,6,coarse_mesh_save,io,0.0,0.0,0.0,0.0,0.0,0.0,0.0,6,0.0,0.0,6,0.0,0.0,0.0,0.0,0.0,0.0,0.0,0.0,0.0,0.0,0.0,0.0,0.0,0.0,0.0,0.0,0.0,0.0,0.0,0.0,0.0,0.0,0.0,0.0,0.0,0.0
core_cache,8192,6,coarse_surface_mesh,setup,8.744790513425,9.1144424295,8.7240873095,8.91394089045,8.96170818625,1.041950527285,19.4558521782,6,2.892437956935,0.804033782463,6,109296913.0,0.0,0.0,0.0,0.0,0.0,0.0,0.0,0.0,0.0,0.0,0.0,0.0,0.0,0.0,0.0,0.0,0.0,0.0,0.0,0.0,0.0,0.0,0.0,0.0,0.0
core_cache,8192,6,coarse_volume_mesh,setup,14.3294422572,15.715002928,14.303952490250001,14.68112055425,15.149039217750001,1.09634295792,33.51368519965,6,2.248710436315,0.5624655182545,6,197605675.5,0.0,0.0,0.0,0.0,0.0,0.0,0.0,0.0,0.0,0.0,0.0,0.0,0.0,0.0,0.0,0.0,0.0,0.0,0.0,0.0,0.0,0.0,0.0,0.0,0.0
core_cache,8192,6,element_count_allgather,communication,0.00311129882416,0.007311153499985,0.003297683999995,0.003943689849999999,0.0048415696449950005,2.37022401156,0.01562854845295,6,1.641680073265,0.4725212827385,6,56610.0,0.0,0.0,0.0,0.0,0.0,8192.0,8192.0,32768.0,268435456.0,4.0,32768.0,1.0,1.0,1.0,1.0,1.0,1.0,1.0,1.0,4.0,4.0,4.0,32768.0,32768.0,32768.0
core_cache,8192,6,element_count_pre_collective_wait,synchronization,0.003041436366395,0.006150028999995,0.00317055475,0.005563776600005,0.00600851399501,1.9347937479100001,0.0117349600211,6,1.641745206455,0.4727058705925,6,56843.0,0.0,0.0,0.0,0.0,0.0,0.0,0.0,0.0,0.0,0.0,0.0,0.0,0.0,0.0,0.0,0.0,0.0,0.0,0.0,0.0,0.0,0.0,0.0,0.0,0.0
core_cache,8192,6,face_allgatherv,communication,3.9836245783799997,7.970638688499999,3.9566516309999997,7.569525399225,7.89185168094,2.003319782835,17.000738224499997,6,1.150862177745,0.7365857277345,6,11142080.5,0.0,0.0,0.0,0.0,0.0,8192.0,8192.0,4859624.0,39810039808.0,338192.0,4859624.0,1.0,1.0,1.0,1.0,1.0,1.0,1.0,1.0,593.215820312,552.0,552.0,4859624.0,4859624.0,4859624.0
core_cache,8192,6,face_collective_setup,compute,0.0001109705622555,0.0006664584999925001,0.00010628149999550001,0.000139805999987,0.0001572959450095,6.020861628725,0.00142183530223,6,2.137343917,0.561917920807,6,141222.0,0.0,0.0,0.0,0.0,0.0,0.0,0.0,0.0,0.0,0.0,0.0,0.0,0.0,0.0,0.0,0.0,0.0,0.0,0.0,0.0,0.0,0.0,0.0,0.0,0.0
core_cache,8192,6,face_global_merge,compute,0.09050482934995,0.11766839800000001,0.09028999500000001,0.0942447198,0.09562683527999999,1.300289007135,0.2474230182145,6,2.15141185159,0.5581105190794999,6,8358608.0,0.0,0.0,0.0,0.0,0.0,0.0,0.0,0.0,0.0,0.0,0.0,0.0,0.0,0.0,0.0,0.0,0.0,0.0,0.0,0.0,0.0,0.0,0.0,0.0,0.0
core_cache,8192,6,face_local_extract,compute,0.1706240683245,0.21743904149999999,0.17025865475,0.1785369637,0.18121661623,1.274450253585,0.45030045456,6,2.160200652655,0.5592344458425,6,3941293.5,0.0,0.0,0.0,0.0,0.0,0.0,0.0,0.0,0.0,0.0,0.0,0.0,0.0,0.0,0.0,0.0,0.0,0.0,0.0,0.0,0.0,0.0,0.0,0.0,0.0
core_cache,8192,6,face_map_setup,compute,0.008072994848144999,0.0249672015,0.008070654250005,0.008826682525,0.00929210412,3.09972048109,0.05335673505125,6,2.13747706657,0.5618354432025,6,2785218.0,0.0,0.0,0.0,0.0,0.0,0.0,0.0,0.0,0.0,0.0,0.0,0.0,0.0,0.0,0.0,0.0,0.0,0.0,0.0,0.0,0.0,0.0,0.0,0.0,0.0
core_cache,8192,6,face_pre_collective_wait,synchronization,0.198595744842,0.2778917735,0.20179592725,0.23743838045000001,0.247977742555,1.3930539365249999,0.5938744927485,6,2.039011603765,0.5745522238425,6,273098.5,0.0,0.0,0.0,0.0,0.0,0.0,0.0,0.0,0.0,0.0,0.0,0.0,0.0,0.0,0.0,0.0,0.0,0.0,0.0,0.0,0.0,0.0,0.0,0.0,0.0
core_cache,8192,6,final_count_exchange,communication,0.0,0.0,0.0,0.0,0.0,0.0,0.0,6,0.0,0.0,6,0.0,0.0,0.0,0.0,0.0,0.0,0.0,0.0,0.0,0.0,0.0,0.0,0.0,0.0,0.0,0.0,0.0,0.0,0.0,0.0,0.0,0.0,0.0,0.0,0.0,0.0
core_cache,8192,6,final_mesh_save,io,0.0,0.0,0.0,0.0,0.0,0.0,0.0,6,0.0,0.0,6,0.0,0.0,0.0,0.0,0.0,0.0,0.0,0.0,0.0,0.0,0.0,0.0,0.0,0.0,0.0,0.0,0.0,0.0,0.0,0.0,0.0,0.0,0.0,0.0,0.0,0.0
core_cache,8192,6,geometry_load,io,1.763272709935,1.9315714685,1.76194455025,1.796379444475,1.81890699008,1.09444598992,4.11835026931,6,1.74649559604,0.871842919717,6,42155593.0,0.0,8480194561.0,0.0,0.0,0.0,0.0,0.0,0.0,0.0,0.0,0.0,0.0,0.0,0.0,0.0,0.0,0.0,0.0,0.0,0.0,0.0,0.0,0.0,0.0,0.0
core_cache,8192,6,local_volume_mesh,compute,5.41099713909,8.158311894499999,5.299095784,6.3664309993,6.6737440781299995,1.5077224628199999,17.3600890185,6,1.56870568946,0.4607834348605,6,6137366.0,0.0,0.0,0.0,0.0,0.0,0.0,0.0,0.0,0.0,0.0,0.0,0.0,0.0,0.0,0.0,0.0,0.0,0.0,0.0,0.0,0.0,0.0,0.0,0.0,0.0
core_cache,8192,6,metis_partition,compute,2.4521485056400003,2.640855848,2.4483865585,2.502199301775,2.54179225334,1.076354326785,5.631514587945,6,1.74580555986,0.6708507650495,6,19273738.0,0.0,0.0,0.0,0.0,0.0,0.0,0.0,0.0,0.0,0.0,0.0,0.0,0.0,0.0,0.0,0.0,0.0,0.0,0.0,0.0,0.0,0.0,0.0,0.0,0.0
core_cache,8192,6,part_face_create,compute,0.02986462506925,0.0478210415,0.02956925,0.03179542985,0.032546131225,1.598747351525,0.1014960382324,6,2.14068680969,0.5604888513265,6,1163939.5,0.0,0.0,0.0,0.0,0.0,0.0,0.0,0.0,0.0,0.0,0.0,0.0,0.0,0.0,0.0,0.0,0.0,0.0,0.0,0.0,0.0,0.0,0.0,0.0,0.0
core_cache,8192,6,partition_result_io,io,0.0,0.0,0.0,0.0,0.0,0.0,0.0,6,0.0,0.0,6,0.0,0.0,0.0,0.0,0.0,0.0,0.0,0.0,0.0,0.0,0.0,0.0,0.0,0.0,0.0,0.0,0.0,0.0,0.0,0.0,0.0,0.0,0.0,0.0,0.0,0.0
core_cache,8192,6,quality_rank_io,io,0.0,0.0,0.0,0.0,0.0,0.0,0.0,6,0.0,0.0,6,0.0,0.0,0.0,0.0,0.0,0.0,0.0,0.0,0.0,0.0,0.0,0.0,0.0,0.0,0.0,0.0,0.0,0.0,0.0,0.0,0.0,0.0,0.0,0.0,0.0,0.0
core_cache,8192,6,quality_reduce,communication,0.0,0.0,0.0,0.0,0.0,0.0,0.0,6,0.0,0.0,6,0.0,0.0,0.0,0.0,0.0,0.0,0.0,0.0,0.0,0.0,0.0,0.0,0.0,0.0,0.0,0.0,0.0,0.0,0.0,0.0,0.0,0.0,0.0,0.0,0.0,0.0
core_cache,8192,6,quality_reduce_pre_collective_wait,synchronization,0.0,0.0,0.0,0.0,0.0,0.0,0.0,6,0.0,0.0,6,0.0,0.0,0.0,0.0,0.0,0.0,0.0,0.0,0.0,0.0,0.0,0.0,0.0,0.0,0.0,0.0,0.0,0.0,0.0,0.0,0.0,0.0,0.0,0.0,0.0,0.0
core_cache,8192,6,quality_summary_io,io,0.0,0.0,0.0,0.0,0.0,0.0,0.0,6,0.0,0.0,6,0.0,0.0,0.0,0.0,0.0,0.0,0.0,0.0,0.0,0.0,0.0,0.0,0.0,0.0,0.0,0.0,0.0,0.0,0.0,0.0,0.0,0.0,0.0,0.0,0.0,0.0
core_cache,8192,6,quality_surface_compute,postprocess,0.0,0.0,0.0,0.0,0.0,0.0,0.0,6,0.0,0.0,6,0.0,0.0,0.0,0.0,0.0,0.0,0.0,0.0,0.0,0.0,0.0,0.0,0.0,0.0,0.0,0.0,0.0,0.0,0.0,0.0,0.0,0.0,0.0,0.0,0.0,0.0
core_cache,8192,6,quality_volume_compute,postprocess,0.0,0.0,0.0,0.0,0.0,0.0,0.0,6,0.0,0.0,6,0.0,0.0,0.0,0.0,0.0,0.0,0.0,0.0,0.0,0.0,0.0,0.0,0.0,0.0,0.0,0.0,0.0,0.0,0.0,0.0,0.0,0.0,0.0,0.0,0.0,0.0
core_cache,8192,6,refined_surface_save,io,0.0,0.0,0.0,0.0,0.0,0.0,0.0,6,0.0,0.0,6,0.0,0.0,0.0,0.0,0.0,0.0,0.0,0.0,0.0,0.0,0.0,0.0,0.0,0.0,0.0,0.0,0.0,0.0,0.0,0.0,0.0,0.0,0.0,0.0,0.0,0.0
core_cache,8192,6,refined_volume_save,io,0.0,0.0,0.0,0.0,0.0,0.0,0.0,6,0.0,0.0,6,0.0,0.0,0.0,0.0,0.0,0.0,0.0,0.0,0.0,0.0,0.0,0.0,0.0,0.0,0.0,0.0,0.0,0.0,0.0,0.0,0.0,0.0,0.0,0.0,0.0,0.0
core_cache,8192,6,submesh_initialization,setup,0.000236124973877,0.024451496500000003,0.00017845175000300002,0.00035538577501,0.0004097713999665,92.35178051775,0.04673668617675,6,2.137393036935,0.561921919072,6,69714.5,0.0,0.0,0.0,0.0,0.0,0.0,0.0,0.0,0.0,0.0,0.0,0.0,0.0,0.0,0.0,0.0,0.0,0.0,0.0,0.0,0.0,0.0,0.0,0.0,0.0
core_cache,8192,6,surface_refine,compute,0.00426340642798,0.017434000499999998,0.00423948775,0.00497196180001,0.00520106240001,4.097736386875,0.03647914796915,6,2.138670818975,0.5617468468025,6,135108.0,0.0,0.0,0.0,0.0,0.0,0.0,0.0,0.0,0.0,0.0,0.0,0.0,0.0,0.0,0.0,0.0,0.0,0.0,0.0,0.0,0.0,0.0,0.0,0.0,0.0
core_cache,8192,6,testout_io,io,0.0,0.0,0.0,0.0,0.0,0.0,0.0,6,0.0,0.0,6,0.0,0.0,0.0,0.0,0.0,0.0,0.0,0.0,0.0,0.0,0.0,0.0,0.0,0.0,0.0,0.0,0.0,0.0,0.0,0.0,0.0,0.0,0.0,0.0,0.0,0.0
core_cache,8192,6,vertex_count_allgather,communication,0.0109922460957,0.016618822499999998,0.0110036575,0.01260440997502,0.014894393095,1.320510327595,0.03288085357105,6,1.64025455241,0.47266998683149997,6,820485.0,0.0,0.0,0.0,0.0,0.0,8192.0,8192.0,32768.0,268435456.0,4.0,32768.0,1.0,1.0,1.0,1.0,1.0,1.0,1.0,1.0,4.0,4.0,4.0,32768.0,32768.0,32768.0
core_cache,8192,6,vertex_count_pre_collective_wait,synchronization,6.1158056491099995,12.559856689,6.137115369,9.68471897885,10.14435864785,2.052739537965,26.857992674149997,6,0.8834414642235,0.672996189548,6,512428.5,0.0,0.0,0.0,0.0,0.0,0.0,0.0,0.0,0.0,0.0,0.0,0.0,0.0,0.0,0.0,0.0,0.0,0.0,0.0,0.0,0.0,0.0,0.0,0.0,0.0
core_cache,8192,6,vertex_exchange,communication,0.009123267937685,0.028442496499999997,0.006023959500009999,0.018043577775,0.02042674649,3.126878707775,0.0607528034831,6,1.640239174915,0.47284257596949997,6,1323787.0,0.0,0.0,0.0,0.0,0.0,65665.0,65665.0,1286036554.0,1286036554.0,415954.0,496386.0,8.01574707031,17.0,23.0,33.0,8.01574707031,12.0,14.0,18.0,156986.884033,311850.0,357588.0,156986.884033,317526.0,404866.0
core_cache,8192,6,vertex_exchange_prepare,compute,0.00011966012823450001,0.0007174385000324999,8.061099998709999e-05,0.000325478000002,0.00045213584499450004,6.036821518275,0.001482516095895,6,1.64255608674,0.4723921492295,6,208170.5,0.0,0.0,0.0,0.0,0.0,0.0,0.0,0.0,0.0,0.0,0.0,0.0,0.0,0.0,0.0,0.0,0.0,0.0,0.0,0.0,0.0,0.0,0.0,0.0,0.0
core_cache,8192,6,vertex_exchange_unpack,compute,0.00269212731439,0.009708365000020001,0.00265093724998,0.0054910173,0.00698927068,3.5239677306650004,0.020077029033250003,6,1.6425199851499999,0.472396623352,6,2628811.5,0.0,0.0,0.0,0.0,0.0,0.0,0.0,0.0,0.0,0.0,0.0,0.0,0.0,0.0,0.0,0.0,0.0,0.0,0.0,0.0,0.0,0.0,0.0,0.0,0.0
core_cache,8192,6,vertex_numbering_local,compute,0.013313914726499999,0.029059462,0.01302395675,0.0184580198,0.02145009363,2.1814772683649997,0.0612597416175,6,1.6429723807799999,0.472577446881,6,616472.5,0.0,0.0,0.0,0.0,0.0,0.0,0.0,0.0,0.0,0.0,0.0,0.0,0.0,0.0,0.0,0.0,0.0,0.0,0.0,0.0,0.0,0.0,0.0,0.0,0.0
core_cache,8192,6,volume_exchange_pack,compute,0.1585981089345,0.33933805549999996,0.154918302,0.21240388259999998,0.233388103885,2.1405916637200004,0.7125699959875,6,1.64641869584,0.475327025553,6,9352981.0,0.0,0.0,0.0,0.0,0.0,0.0,0.0,0.0,0.0,0.0,0.0,0.0,0.0,0.0,0.0,0.0,0.0,0.0,0.0,0.0,0.0,0.0,0.0,0.0,0.0
core_cache,8192,6,volume_exchange_unpack,compute,0.1632706780155,0.3745438625,0.15839948399999998,0.21588912725,0.330831149935,2.293142975675,0.7969237124845,6,1.662679645385,0.4755592711585,6,39113945.0,0.0,0.0,0.0,0.0,0.0,0.0,0.0,0.0,0.0,0.0,0.0,0.0,0.0,0.0,0.0,0.0,0.0,0.0,0.0,0.0,0.0,0.0,0.0,0.0,0.0
core_cache,8192,6,volume_payload_exchange,communication,0.0219257040138,0.0546758265,0.0207126115,0.0419327668,0.048934471,2.488246317705,0.114314790133,6,1.6374197481000001,0.47329589966700003,6,202702.5,0.0,0.0,0.0,0.0,0.0,44611.0,44611.0,27441829560.0,27441829560.0,5898240.0,5906880.0,5.44567871094,8.0,9.0,11.0,5.44567871094,8.0,9.0,11.0,3349832.70996,4423680.0,4915320.0,3349832.70996,4428150.0,4923840.0
core_cache,8192,6,volume_payload_prepare,compute,0.0021974501926250002,0.004630555999995,0.00224138700001,0.003331774775,0.0037846408049899997,2.134913683295,0.00989231101259,6,1.64235691216,0.472397253379,6,4989043.5,0.0,0.0,0.0,0.0,0.0,0.0,0.0,0.0,0.0,0.0,0.0,0.0,0.0,0.0,0.0,0.0,0.0,0.0,0.0,0.0,0.0,0.0,0.0,0.0,0.0
core_cache,8192,6,volume_refine,compute,0.42901199941,0.8077714245000001,0.4155087625,0.54705298065,0.631444361265,1.883746612825,1.720347778875,6,1.69880039813,0.46882935230550005,6,48793740.5,0.0,0.0,0.0,0.0,0.0,0.0,0.0,0.0,0.0,0.0,0.0,0.0,0.0,0.0,0.0,0.0,0.0,0.0,0.0,0.0,0.0,0.0,0.0,0.0,0.0
core_cache,8192,6,volume_size_exchange,communication,0.0211385961039,0.0235607555,0.02110188525,0.021964578175,0.022279418845,1.23035033535,0.0448190731365,6,1.638486388935,0.4735043610675,6,535418.5,0.0,0.0,0.0,0.0,0.0,67108864.0,67108864.0,268435456.0,268435456.0,32768.0,32768.0,8192.0,8192.0,8192.0,8192.0,8192.0,8192.0,8192.0,8192.0,32768.0,32768.0,32768.0,32768.0,32768.0,32768.0
core_cache,8192,6,volume_size_exchange_pre_collective_wait,synchronization,0.189112592448,0.2623927075,0.19214272300000002,0.231159006125,0.24333958510499998,1.3874856014,0.56090309066,6,1.5887534783350001,0.481508399517,6,21139.5,0.0,0.0,0.0,0.0,0.0,0.0,0.0,0.0,0.0,0.0,0.0,0.0,0.0,0.0,0.0,0.0,0.0,0.0,0.0,0.0,0.0,0.0,0.0,0.0,0.0
