algorithm,timing,ranks,partition_seed,repeat,stage,mean_seconds,max_seconds,calls_sum
sparse,natural,1024,-1,1,adjacency_build,0.00016690580469091998,0.0003745039998648281,1024
sparse,natural,1024,-1,1,element_count_allgather,0.002446165353506835,0.0058262050001758325,1024
sparse,natural,1024,-1,1,face_local_extract,0.1747237244199269,0.22419502299999294,1024
sparse,natural,1024,-1,1,face_map_setup,0.008221930186528503,0.009839360999649216,1024
sparse,natural,1024,-1,1,face_pipeline_total,0.536394311123054,0.5519277839998722,1024
sparse,natural,1024,-1,1,face_sparse_context,0.04869823100879067,0.29314517600005274,1024
sparse,natural,1024,-1,1,face_sparse_deliver,0.013215085197263665,0.013729834000059782,1024
sparse,natural,1024,-1,1,face_sparse_directory,0.027714072039060955,0.03265538999994533,1024
sparse,natural,1024,-1,1,face_sparse_match,0.2595518810449313,0.2615736600000673,1024
sparse,natural,1024,-1,1,face_sparse_total,0.35038892138184385,0.5211482940003407,1024
sparse,natural,1024,-1,1,local_volume_mesh,7.574004248162101,10.902513603000443,1024
sparse,natural,1024,-1,1,metis_partition,1.7095427480576166,1.7285022590003791,1024
sparse,natural,1024,-1,1,metis_seed,0.0012426038300783482,1.2724263220002285,1
sparse,natural,1024,-1,1,part_face_create,0.0115943597666055,0.024814081999920745,1024
sparse,natural,1024,-1,1,partition_cost_balance,3.5076798827748945e-05,0.03591864199961492,1
sparse,natural,1024,-1,1,partition_cost_setup,0.0003789715585940101,0.38806687600026635,1
sparse,natural,1024,-1,1,partition_distribution,1.7077365921435517,1.7283880979998685,1024
sparse,natural,1024,-1,1,submesh_initialization,0.0002616203564391739,0.0004921869999634509,1024
sparse,natural,1024,-1,1,surface_refine,0.011508916395501334,0.015562563000003138,1024
sparse,natural,1024,-1,1,vertex_count_allgather,3.5777641319521485,7.075542215000041,1024
sparse,natural,1024,-1,1,vertex_exchange,0.009252431343754086,0.0197213940000438,1024
sparse,natural,1024,-1,1,vertex_exchange_prepare,0.00031295975683365285,0.002113365000241174,1024
sparse,natural,1024,-1,1,vertex_exchange_unpack,0.008473519048830092,0.02886342399960995,1024
sparse,natural,1024,-1,1,vertex_numbering_local,0.05732953094629911,0.11299826699996629,1024
sparse,natural,1024,-1,1,volume_exchange_pack,0.9243739751455009,1.421262071000001,1024
sparse,natural,1024,-1,1,volume_exchange_unpack,1.0154964815361405,1.7990111819999584,1024
sparse,natural,1024,-1,1,volume_payload_exchange,0.05257204231347412,0.09607902200013996,1024
sparse,natural,1024,-1,1,volume_payload_prepare,0.006264325610354504,0.0158954079997784,1024
sparse,natural,1024,-1,1,volume_refine,3.0442278857353564,4.127108675999807,1024
sparse,natural,1024,-1,1,volume_size_exchange,0.5079361566455045,0.8812913089996073,1024
sparse,natural,1024,-1,2,adjacency_build,0.0001683316904300125,0.0005228680000044506,1024
sparse,natural,1024,-1,2,element_count_allgather,0.002367464388672469,0.005618607999991809,1024
sparse,natural,1024,-1,2,face_local_extract,0.1754686701386718,0.19798996699999805,1024
sparse,natural,1024,-1,2,face_map_setup,0.00823793716992205,0.010091173000006393,1024
sparse,natural,1024,-1,2,face_pipeline_total,0.45675017520410144,0.48672740899999667,1024
sparse,natural,1024,-1,2,face_sparse_context,0.050518081401367404,0.22174420900000769,1024
sparse,natural,1024,-1,2,face_sparse_deliver,0.007848132854491985,0.008946906999995008,1024
sparse,natural,1024,-1,2,face_sparse_directory,0.04811337570605469,0.053663384999993013,1024
sparse,natural,1024,-1,2,face_sparse_match,0.16235494766601552,0.16276717299999177,1024
sparse,natural,1024,-1,2,face_sparse_total,0.27002268003515606,0.4412016510000001,1024
sparse,natural,1024,-1,2,local_volume_mesh,7.567699640000976,10.794188526,1024
sparse,natural,1024,-1,2,metis_partition,1.703946308436523,1.7319730650000054,1024
sparse,natural,1024,-1,2,metis_seed,0.0012274814560546826,1.256941010999995,1
sparse,natural,1024,-1,2,part_face_create,0.011576837254882663,0.01490057499999864,1024
sparse,natural,1024,-1,2,partition_cost_balance,3.5071916015622095e-05,0.035913641999997026,1
sparse,natural,1024,-1,2,partition_cost_setup,0.00038080353515625165,0.3899428200000017,1
sparse,natural,1024,-1,2,partition_distribution,1.7021512504101561,1.731811644000004,1024
sparse,natural,1024,-1,2,submesh_initialization,0.0002655405986328463,0.0005146860000024844,1024
sparse,natural,1024,-1,2,surface_refine,0.011402474433593823,0.01559634500000584,1024
sparse,natural,1024,-1,2,vertex_count_allgather,3.6817165974609374,7.077794553999993,1024
sparse,natural,1024,-1,2,vertex_exchange,0.009007766816406637,0.018494613000001436,1024
sparse,natural,1024,-1,2,vertex_exchange_prepare,0.00031001177539116687,0.0010713730000020405,1024
sparse,natural,1024,-1,2,vertex_exchange_unpack,0.00845512695312467,0.026952056999988372,1024
sparse,natural,1024,-1,2,vertex_numbering_local,0.05785768912988287,0.11886607700000695,1024
sparse,natural,1024,-1,2,volume_exchange_pack,0.9265173021630861,1.4987255070000174,1024
sparse,natural,1024,-1,2,volume_exchange_unpack,1.016499072510742,1.7488374999999792,1024
sparse,natural,1024,-1,2,volume_payload_exchange,0.05259174383886753,0.09065212600000905,1024
sparse,natural,1024,-1,2,volume_payload_prepare,0.006261794423828321,0.015670836999987614,1024
sparse,natural,1024,-1,2,volume_refine,3.0403788195,4.145702627999995,1024
sparse,natural,1024,-1,2,volume_size_exchange,0.5683967575488283,0.9435004510000056,1024
sparse,natural,1024,-1,3,adjacency_build,0.00016767364550737685,0.0005064259999869591,1024
sparse,natural,1024,-1,3,element_count_allgather,0.0021081697539057642,0.003703851000011582,1024
sparse,natural,1024,-1,3,face_local_extract,0.17491425413769565,0.21971752400000355,1024
sparse,natural,1024,-1,3,face_map_setup,0.008204520745116517,0.01903791399999477,1024
sparse,natural,1024,-1,3,face_pipeline_total,0.49645599315917976,0.4976953179999839,1024
sparse,natural,1024,-1,3,face_sparse_context,0.04580179679296853,0.20088623300000563,1024
sparse,natural,1024,-1,3,face_sparse_deliver,0.007878550145507979,0.008284658000007994,1024
sparse,natural,1024,-1,3,face_sparse_directory,0.044698471298827785,0.04930116100001669,1024
sparse,natural,1024,-1,3,face_sparse_match,0.2106190778867188,0.21161764400000038,1024
sparse,natural,1024,-1,3,face_sparse_total,0.3102895511513671,0.4659646149999901,1024
sparse,natural,1024,-1,3,local_volume_mesh,7.573185290616211,10.958934750999987,1024
sparse,natural,1024,-1,3,metis_partition,1.719774388662109,1.7202157739999961,1024
sparse,natural,1024,-1,3,metis_seed,0.0012289658105468781,1.2584609900000032,1
sparse,natural,1024,-1,3,part_face_create,0.011568042439452891,0.015286680999992086,1024
sparse,natural,1024,-1,3,partition_cost_balance,4.479305175780768e-05,0.04586808499999506,1
sparse,natural,1024,-1,3,partition_cost_setup,0.0003639988945312589,0.3727348680000091,1
sparse,natural,1024,-1,3,partition_distribution,1.717988270452148,1.720070332000006,1024
sparse,natural,1024,-1,3,submesh_initialization,0.0002691860371091259,0.0005432669999834161,1024
sparse,natural,1024,-1,3,surface_refine,0.01145067694628929,0.015466717000009567,1024
sparse,natural,1024,-1,3,vertex_count_allgather,3.6974604955478516,7.169961015999974,1024
sparse,natural,1024,-1,3,vertex_exchange,0.009093853847656347,0.02184010199999875,1024
sparse,natural,1024,-1,3,vertex_exchange_prepare,0.0003110230615234466,0.0010587939999879836,1024
sparse,natural,1024,-1,3,vertex_exchange_unpack,0.008463375424804381,0.03331066599997712,1024
sparse,natural,1024,-1,3,vertex_numbering_local,0.05767020116894497,0.12543829599999867,1024
sparse,natural,1024,-1,3,volume_exchange_pack,0.9251439540322264,1.3967998269999953,1024
sparse,natural,1024,-1,3,volume_exchange_unpack,1.0146200146220699,1.8070316239999897,1024
sparse,natural,1024,-1,3,volume_payload_exchange,0.0527884579687494,0.08821942500000546,1024
sparse,natural,1024,-1,3,volume_payload_prepare,0.006210476523437647,0.02314817900000321,1024
sparse,natural,1024,-1,3,volume_refine,3.03921653840625,4.253090076999996,1024
sparse,natural,1024,-1,3,volume_size_exchange,0.5022299997705071,0.8857774960000029,1024
sparse,natural,1024,17,1,adjacency_build,0.0001619047841758814,0.00045542600037151715,1024
sparse,natural,1024,17,1,element_count_allgather,0.008395891159179492,0.00961020600016127,1024
sparse,natural,1024,17,1,face_local_extract,0.1751982007480395,0.2165273719997458,1024
sparse,natural,1024,17,1,face_map_setup,0.008237482767569748,0.020868909000000713,1024
sparse,natural,1024,17,1,face_pipeline_total,0.45392471732812645,0.4701986349996332,1024
sparse,natural,1024,17,1,face_sparse_context,0.06375688863769735,0.2433906000001116,1024
sparse,natural,1024,17,1,face_sparse_deliver,0.009742715901374321,0.012169273999916186,1024
sparse,natural,1024,17,1,face_sparse_directory,0.028228797678710116,0.033758111000224744,1024
sparse,natural,1024,17,1,face_sparse_match,0.1646123118730518,0.18431725199980065,1024
sparse,natural,1024,17,1,face_sparse_total,0.2674366062675837,0.4474766759999511,1024
sparse,natural,1024,17,1,local_volume_mesh,7.534583415590816,12.328703212000164,1024
sparse,natural,1024,17,1,metis_partition,1.739469047858401,1.766059366999798,1024
sparse,natural,1024,17,1,metis_seed,0.001254686929687221,1.2847994159997143,1
sparse,natural,1024,17,1,part_face_create,0.011581418747063754,0.015235828000186302,1024
sparse,natural,1024,17,1,partition_cost_balance,3.571198242191542e-05,0.03656907000004139,1
sparse,natural,1024,17,1,partition_cost_setup,0.00038656329980435444,0.39584081899965895,1
sparse,natural,1024,17,1,partition_distribution,1.7376407917226602,1.7658942450002542,1024
sparse,natural,1024,17,1,submesh_initialization,0.0002454905810651553,0.017250828000214824,1024
sparse,natural,1024,17,1,surface_refine,0.011325166931640762,0.015035222000278736,1024
sparse,natural,1024,17,1,vertex_count_allgather,5.244962287090821,8.9647996839999,1024
sparse,natural,1024,17,1,vertex_exchange,0.009030884375984982,0.020542786000078195,1024
sparse,natural,1024,17,1,vertex_exchange_prepare,0.0003077920332121842,0.001024790999963443,1024
sparse,natural,1024,17,1,vertex_exchange_unpack,0.00854516867871613,0.030578125000374712,1024
sparse,natural,1024,17,1,vertex_numbering_local,0.05663751868751454,0.1310859469999741,1024
sparse,natural,1024,17,1,volume_exchange_pack,0.9158438663545003,1.3646052200001577,1024
sparse,natural,1024,17,1,volume_exchange_unpack,1.0021089148447135,1.7861332990000847,1024
sparse,natural,1024,17,1,volume_payload_exchange,0.05237021506445183,0.0806546779999735,1024
sparse,natural,1024,17,1,volume_payload_prepare,0.006288758749994017,0.014522442999805207,1024
sparse,natural,1024,17,1,volume_refine,3.000688489792979,4.5917088539999895,1024
sparse,natural,1024,17,1,volume_size_exchange,0.4532927465429779,0.806659380000383,1024
sparse,natural,1024,17,2,adjacency_build,0.00016245555273414203,0.0003340250000007927,1024
sparse,natural,1024,17,2,element_count_allgather,0.01286875541406271,0.026256079999996018,1024
sparse,natural,1024,17,2,face_local_extract,0.17541820017871107,0.198161314999993,1024
sparse,natural,1024,17,2,face_map_setup,0.008210439332030334,0.018529241999999613,1024
sparse,natural,1024,17,2,face_pipeline_total,0.48670453949218734,0.49263718800000333,1024
sparse,natural,1024,17,2,face_sparse_context,0.054472046088866966,0.22611646299998256,1024
sparse,natural,1024,17,2,face_sparse_deliver,0.020433666172851944,0.020812585999976818,1024
sparse,natural,1024,17,2,face_sparse_directory,0.029833728880859195,0.030126253000020142,1024
sparse,natural,1024,17,2,face_sparse_match,0.19401627622167947,0.19449897299998042,1024
sparse,natural,1024,17,2,face_sparse_total,0.3000225266298835,0.4718196869999929,1024
sparse,natural,1024,17,2,local_volume_mesh,7.532230210556641,12.159201945000007,1024
sparse,natural,1024,17,2,metis_partition,1.7465919095849607,1.783962334999984,1024
sparse,natural,1024,17,2,metis_seed,0.001268592214843739,1.2990384279999887,1
sparse,natural,1024,17,2,part_face_create,0.01155837418457048,0.015106209000009585,1024
sparse,natural,1024,17,2,partition_cost_balance,3.5115393554691066e-05,0.03595816300000365,1
sparse,natural,1024,17,2,partition_cost_setup,0.00038305537890626074,0.392248708000011,1
sparse,natural,1024,17,2,partition_distribution,1.7447551559941405,1.7838048819999983,1024
sparse,natural,1024,17,2,submesh_initialization,0.0002685156289064239,0.00047702599999865924,1024
sparse,natural,1024,17,2,surface_refine,0.011278781861327941,0.015238524000011466,1024
sparse,natural,1024,17,2,vertex_count_allgather,4.927077977733398,8.608422888999996,1024
sparse,natural,1024,17,2,vertex_exchange,0.009256440351562367,0.027779159999994363,1024
sparse,natural,1024,17,2,vertex_exchange_prepare,0.00030830379199187075,0.0009596909999913805,1024
sparse,natural,1024,17,2,vertex_exchange_unpack,0.008487426904296935,0.029331308999985595,1024
sparse,natural,1024,17,2,vertex_numbering_local,0.05686899208300725,0.10157859800000324,1024
sparse,natural,1024,17,2,volume_exchange_pack,0.9167205082099604,1.4292018689999963,1024
sparse,natural,1024,17,2,volume_exchange_unpack,1.0011357371416016,1.7878901830000018,1024
sparse,natural,1024,17,2,volume_payload_exchange,0.05201911396386724,0.08219246899997756,1024
sparse,natural,1024,17,2,volume_payload_prepare,0.006273673538085639,0.013639895000011393,1024
sparse,natural,1024,17,2,volume_refine,2.998966926043945,4.650920305999989,1024
sparse,natural,1024,17,2,volume_size_exchange,0.5139172833105465,0.872055639000024,1024
sparse,natural,1024,17,3,adjacency_build,0.0001620404667971309,0.00038488400002734124,1024
sparse,natural,1024,17,3,element_count_allgather,0.002530351233398953,0.006328377999977874,1024
sparse,natural,1024,17,3,face_local_extract,0.1750590853144534,0.2149752540000236,1024
sparse,natural,1024,17,3,face_map_setup,0.0082239145019537,0.009818114999973204,1024
sparse,natural,1024,17,3,face_pipeline_total,0.4996660162666005,0.5318118509999863,1024
sparse,natural,1024,17,3,face_sparse_context,0.041393127043945266,0.20802164000002676,1024
sparse,natural,1024,17,3,face_sparse_deliver,0.015202075325195852,0.016454881000015575,1024
sparse,natural,1024,17,3,face_sparse_directory,0.02919425462792985,0.043411552000009124,1024
sparse,natural,1024,17,3,face_sparse_match,0.22640285733886722,0.24618445700002667,1024
sparse,natural,1024,17,3,face_sparse_total,0.3133120036542966,0.48048583399997824,1024
sparse,natural,1024,17,3,local_volume_mesh,7.53724324438574,12.301793418999978,1024
sparse,natural,1024,17,3,metis_partition,1.7372141059482424,1.7432556679999607,1024
sparse,natural,1024,17,3,metis_seed,0.0012730805332030748,1.3036344659999486,1
sparse,natural,1024,17,3,part_face_create,0.011571103969727325,0.015128189999984443,1024
sparse,natural,1024,17,3,partition_cost_balance,3.5214984375031566e-05,0.036060144000032324,1
sparse,natural,1024,17,3,partition_cost_setup,0.00037996620019531413,0.38908538900000167,1
sparse,natural,1024,17,3,partition_distribution,1.7353756178017594,1.7430931060000034,1024
sparse,natural,1024,17,3,submesh_initialization,0.0004294756201161931,0.022681787000010445,1024
sparse,natural,1024,17,3,surface_refine,0.011409875040039874,0.017153301999996984,1024
sparse,natural,1024,17,3,vertex_count_allgather,5.040889711096679,8.775437237999995,1024
sparse,natural,1024,17,3,vertex_exchange,0.008969622387693832,0.017963411000039287,1024
sparse,natural,1024,17,3,vertex_exchange_prepare,0.0003102815214836019,0.0009656529999801933,1024
sparse,natural,1024,17,3,vertex_exchange_unpack,0.008495888918945316,0.031245809999973062,1024
sparse,natural,1024,17,3,vertex_numbering_local,0.056616934105469974,0.10722823700001527,1024
sparse,natural,1024,17,3,volume_exchange_pack,0.9162580584687492,1.4463558850000027,1024
sparse,natural,1024,17,3,volume_exchange_unpack,1.0002174025273436,1.781747457999984,1024
sparse,natural,1024,17,3,volume_payload_exchange,0.05219441203710895,0.08920981699998265,1024
sparse,natural,1024,17,3,volume_payload_prepare,0.006242736114257408,0.013756589000024633,1024
sparse,natural,1024,17,3,volume_refine,3.004543472905274,4.646818479999979,1024
sparse,natural,1024,17,3,volume_size_exchange,0.5419770636982428,0.9001086900000246,1024
sparse,natural,1024,41,1,adjacency_build,0.00016251203613570908,0.0004294249997656152,1024
sparse,natural,1024,41,1,element_count_allgather,0.00447498106836175,0.005666628000199125,1024
sparse,natural,1024,41,1,face_local_extract,0.17550153711913685,0.2312710609999158,1024
sparse,natural,1024,41,1,face_map_setup,0.008234555654304643,0.010075502000290726,1024
sparse,natural,1024,41,1,face_pipeline_total,0.5533059437832004,0.5574809210002059,1024
sparse,natural,1024,41,1,face_sparse_context,0.05463168413964814,0.2253320340000755,1024
sparse,natural,1024,41,1,face_sparse_deliver,0.008627040984387602,0.009183794999898964,1024
sparse,natural,1024,41,1,face_sparse_directory,0.028785301870115187,0.03320912499975748,1024
sparse,natural,1024,41,1,face_sparse_match,0.2732115198642613,0.27377330800027266,1024
sparse,natural,1024,41,1,face_sparse_total,0.3665169701552693,0.5375206160001653,1024
sparse,natural,1024,41,1,local_volume_mesh,7.553600046277349,9.993469341000036,1024
sparse,natural,1024,41,1,metis_partition,1.7147434704794846,1.7374139819999073,1024
sparse,natural,1024,41,1,metis_seed,0.0012558239335938026,1.2859637080000539,1
sparse,natural,1024,41,1,part_face_create,0.011581161570320297,0.013142424000307074,1024
sparse,natural,1024,41,1,partition_cost_balance,3.481011621087049e-05,0.03564555899993138,1
sparse,natural,1024,41,1,partition_cost_setup,0.00037387772656272134,0.38285079200022665,1
sparse,natural,1024,41,1,partition_distribution,1.712914483867194,1.737248580999676,1024
sparse,natural,1024,41,1,submesh_initialization,0.00027119696191091336,0.014503758000046219,1024
sparse,natural,1024,41,1,surface_refine,0.011369958413089964,0.01465205500016964,1024
sparse,natural,1024,41,1,vertex_count_allgather,2.949393061494139,6.735783023999829,1024
sparse,natural,1024,41,1,vertex_exchange,0.00905755021484067,0.019629522999821347,1024
sparse,natural,1024,41,1,vertex_exchange_prepare,0.0003096809267479905,0.0019480619998830662,1024
sparse,natural,1024,41,1,vertex_exchange_unpack,0.00836224063085833,0.025740365000274323,1024
sparse,natural,1024,41,1,vertex_numbering_local,0.057244207352538545,0.10284210200006783,1024
sparse,natural,1024,41,1,volume_exchange_pack,0.9163999477519607,1.4448339509999641,1024
sparse,natural,1024,41,1,volume_exchange_unpack,1.003660010171874,1.8030359580002369,1024
sparse,natural,1024,41,1,volume_payload_exchange,0.052388085943353424,0.08067272099970069,1024
sparse,natural,1024,41,1,volume_payload_prepare,0.006295288126948684,0.015314117999878363,1024
sparse,natural,1024,41,1,volume_refine,3.0232883748749906,4.334974445000171,1024
sparse,natural,1024,41,1,volume_size_exchange,0.5458131747382855,0.9232464130000153,1024
sparse,natural,1024,41,2,adjacency_build,0.0001644542919924108,0.00043830600000660525,1024
sparse,natural,1024,41,2,element_count_allgather,0.002447653769531155,0.003714598999991381,1024
sparse,natural,1024,41,2,face_local_extract,0.1754382371044923,0.1955704629999957,1024
sparse,natural,1024,41,2,face_map_setup,0.008273497076171962,0.022912429000001566,1024
sparse,natural,1024,41,2,face_pipeline_total,0.46368831631445295,0.47846529499999946,1024
sparse,natural,1024,41,2,face_sparse_context,0.05531074616406253,0.22515985199999733,1024
sparse,natural,1024,41,2,face_sparse_deliver,0.01727042051660157,0.01790938299999567,1024
sparse,natural,1024,41,2,face_sparse_directory,0.03307252369628897,0.03869171099999846,1024
sparse,natural,1024,41,2,face_sparse_match,0.17005633237792966,0.17056507400000243,1024
sparse,natural,1024,41,2,face_sparse_total,0.27693022167968745,0.44704586199999596,1024
sparse,natural,1024,41,2,local_volume_mesh,7.554664139310547,10.112669921999995,1024
sparse,natural,1024,41,2,metis_partition,1.7502767126894532,1.7852550480000033,1024
sparse,natural,1024,41,2,metis_seed,0.001280143197265625,1.310866634,1
sparse,natural,1024,41,2,part_face_create,0.011571378928710983,0.014351765999997212,1024
sparse,natural,1024,41,2,partition_cost_balance,3.556530175780753e-05,0.03641886899999491,1
sparse,natural,1024,41,2,partition_cost_setup,0.0003818097187500008,0.3909731520000008,1
sparse,natural,1024,41,2,partition_distribution,1.748427270413086,1.7851464260000043,1024
sparse,natural,1024,41,2,submesh_initialization,0.0002662235039061836,0.01322536600000035,1024
sparse,natural,1024,41,2,surface_refine,0.01138846836621097,0.014719194999997853,1024
sparse,natural,1024,41,2,vertex_count_allgather,3.006496966910156,6.700791221000003,1024
sparse,natural,1024,41,2,vertex_exchange,0.008986978713867,0.02048445799999854,1024
sparse,natural,1024,41,2,vertex_exchange_prepare,0.0003103418300779981,0.0034192950000004885,1024
sparse,natural,1024,41,2,vertex_exchange_unpack,0.008340175612304782,0.03290825199999858,1024
sparse,natural,1024,41,2,vertex_numbering_local,0.05722193291406247,0.1088178679999885,1024
sparse,natural,1024,41,2,volume_exchange_pack,0.9193242108583981,1.4360571790000023,1024
sparse,natural,1024,41,2,volume_exchange_unpack,1.0069251677958981,1.7865078789999984,1024
sparse,natural,1024,41,2,volume_payload_exchange,0.05244358678417986,0.08141575700000203,1024
sparse,natural,1024,41,2,volume_payload_prepare,0.006312712272460996,0.014383461000008424,1024
sparse,natural,1024,41,2,volume_refine,3.0221976213632815,4.034319925999995,1024
sparse,natural,1024,41,2,volume_size_exchange,0.5267861155810545,0.8995528800000017,1024
sparse,natural,1024,41,3,adjacency_build,0.00016433368554652494,0.00040676499997971405,1024
sparse,natural,1024,41,3,element_count_allgather,0.0022896492490233067,0.004112050000003364,1024
sparse,natural,1024,41,3,face_local_extract,0.17505357367871083,0.21270895300000348,1024
sparse,natural,1024,41,3,face_map_setup,0.008258808287109287,0.019600819999993746,1024
sparse,natural,1024,41,3,face_pipeline_total,0.5099484223896489,0.5329549140000154,1024
sparse,natural,1024,41,3,face_sparse_context,0.051605596951172894,0.22191439099998433,1024
sparse,natural,1024,41,3,face_sparse_deliver,0.017755991967772555,0.018150590999994165,1024
sparse,natural,1024,41,3,face_sparse_directory,0.02903129450586006,0.02934823900000083,1024
sparse,natural,1024,41,3,face_sparse_match,0.2238226438691412,0.2417657469999881,1024
sparse,natural,1024,41,3,face_sparse_total,0.3235791317841808,0.49423632299999554,1024
sparse,natural,1024,41,3,local_volume_mesh,7.551206632831054,10.147398699999997,1024
sparse,natural,1024,41,3,metis_partition,1.7776124730302736,1.7994625289999817,1024
sparse,natural,1024,41,3,metis_seed,0.0012880268681640383,1.3189395129999752,1
sparse,natural,1024,41,3,part_face_create,0.01155726383105482,0.013597947999983262,1024
sparse,natural,1024,41,3,partition_cost_balance,3.497916113281985e-05,0.03581866100000752,1
sparse,natural,1024,41,3,partition_cost_setup,0.0003799769619140525,0.38909640899998976,1
sparse,natural,1024,41,3,partition_distribution,1.775757580041017,1.799289726999973,1024
sparse,natural,1024,41,3,submesh_initialization,0.00024141730371068926,0.000493886000015209,1024
sparse,natural,1024,41,3,surface_refine,0.01130942586132927,0.014654425000003357,1024
sparse,natural,1024,41,3,vertex_count_allgather,2.976139317589843,6.198720226999967,1024
sparse,natural,1024,41,3,vertex_exchange,0.009010038152342414,0.017324238000014702,1024
sparse,natural,1024,41,3,vertex_exchange_prepare,0.0003104519804671968,0.002853453999989597,1024
sparse,natural,1024,41,3,vertex_exchange_unpack,0.008395809413085709,0.026253431999975874,1024
sparse,natural,1024,41,3,vertex_numbering_local,0.05739646337207044,0.10571586300000035,1024
sparse,natural,1024,41,3,volume_exchange_pack,0.918827307249023,1.4054300920000173,1024
sparse,natural,1024,41,3,volume_exchange_unpack,1.002906803887695,1.8667595150000125,1024
sparse,natural,1024,41,3,volume_payload_exchange,0.052460947436522964,0.09832533200000171,1024
sparse,natural,1024,41,3,volume_payload_prepare,0.006297898930663515,0.014460298000017247,1024
sparse,natural,1024,41,3,volume_refine,3.0224203653320307,4.067341806999991,1024
sparse,natural,1024,41,3,volume_size_exchange,0.4947294259248038,0.8733835900000031,1024
sparse,natural,2048,-1,1,adjacency_build,0.00013230451074597305,0.00033426400023017777,2048
sparse,natural,2048,-1,1,element_count_allgather,0.0022361915444333302,0.0038062200001149904,2048
sparse,natural,2048,-1,1,face_local_extract,0.17359478432177933,0.18745527200007928,2048
sparse,natural,2048,-1,1,face_map_setup,0.007811416777817826,0.009172903000035149,2048
sparse,natural,2048,-1,1,face_pipeline_total,0.43972976380614903,0.44358569499991063,2048
sparse,natural,2048,-1,1,face_sparse_context,0.01748950525244064,0.18468509399963295,2048
sparse,natural,2048,-1,1,face_sparse_deliver,0.015828345978020852,0.016240742000263708,2048
sparse,natural,2048,-1,1,face_sparse_directory,0.0553979339423849,0.05569940499981385,2048
sparse,natural,2048,-1,1,face_sparse_match,0.16548307613086166,0.20615590299985342,2048
sparse,natural,2048,-1,1,face_sparse_total,0.2552963699404296,0.4227558729999146,2048
sparse,natural,2048,-1,1,local_volume_mesh,6.474703475207999,8.80332650399987,2048
sparse,natural,2048,-1,1,metis_partition,2.10602243184082,2.109344028000123,2048
sparse,natural,2048,-1,1,metis_seed,0.000813831307128865,1.6667265169999155,1
sparse,natural,2048,-1,1,part_face_create,0.011374449911621731,0.014515423999910126,2048
sparse,natural,2048,-1,1,partition_cost_balance,1.8364319335884005e-05,0.03761012599989044,1
sparse,natural,2048,-1,1,partition_cost_setup,0.00018855168847675685,0.38615385800039803,1
sparse,natural,2048,-1,1,partition_distribution,2.1048791995053735,2.109234906000438,2048
sparse,natural,2048,-1,1,submesh_initialization,0.00027300535546959104,0.022732942999937222,2048
sparse,natural,2048,-1,1,surface_refine,0.007808815462893692,0.00899193200029913,2048
sparse,natural,2048,-1,1,vertex_count_allgather,2.3475559435234348,4.221784335999928,2048
sparse,natural,2048,-1,1,vertex_exchange,0.006836352612298979,0.019545261000075698,2048
sparse,natural,2048,-1,1,vertex_exchange_prepare,0.00027804423193655836,0.002066421999643353,2048
sparse,natural,2048,-1,1,vertex_exchange_unpack,0.005921989620107482,0.02327629799992792,2048
sparse,natural,2048,-1,1,vertex_numbering_local,0.036872668053714586,0.06917963400019289,2048
sparse,natural,2048,-1,1,volume_exchange_pack,0.49842183641650495,0.8601754520000213,2048
sparse,natural,2048,-1,1,volume_exchange_unpack,0.5453821947612321,0.9529034709998996,2048
sparse,natural,2048,-1,1,volume_payload_exchange,0.036965502688481644,0.07250150499976371,2048
sparse,natural,2048,-1,1,volume_payload_prepare,0.004651000147456896,0.020963834999747633,2048
sparse,natural,2048,-1,1,volume_refine,1.60326076477442,2.1870387530002517,2048
sparse,natural,2048,-1,1,volume_size_exchange,0.3646241825312466,0.5791701040002408,2048
sparse,natural,2048,-1,2,adjacency_build,0.0001337961523435946,0.001257736000013665,2048
sparse,natural,2048,-1,2,element_count_allgather,0.0014233151240234734,0.0023718540000032817,2048
sparse,natural,2048,-1,2,face_local_extract,0.1734708052353515,0.1870333220000049,2048
sparse,natural,2048,-1,2,face_map_setup,0.007802840371093668,0.014079120000005219,2048
sparse,natural,2048,-1,2,face_pipeline_total,0.47506920236523426,0.4773200049999957,2048
sparse,natural,2048,-1,2,face_sparse_context,0.04884895548046878,0.21501491799999428,2048
sparse,natural,2048,-1,2,face_sparse_deliver,0.017374955119628867,0.018462368999990986,2048
sparse,natural,2048,-1,2,face_sparse_directory,0.0566809335703126,0.056896934999997484,2048
sparse,natural,2048,-1,2,face_sparse_match,0.1667472711713867,0.1675137560000053,2048
sparse,natural,2048,-1,2,face_sparse_total,0.2907782631796877,0.45710868400000493,2048
sparse,natural,2048,-1,2,local_volume_mesh,6.475165117313477,8.813108166999996,2048
sparse,natural,2048,-1,2,metis_partition,2.1280014273256835,2.168623069000006,2048
sparse,natural,2048,-1,2,metis_seed,0.0008266840249023452,1.693048883000003,1
sparse,natural,2048,-1,2,part_face_create,0.011384545099609594,0.01503924099999665,2048
sparse,natural,2048,-1,2,partition_cost_balance,1.8283811035156583e-05,0.03744524500000068,1
sparse,natural,2048,-1,2,partition_cost_setup,0.00018838799609374735,0.38581861599999456,1
sparse,natural,2048,-1,2,partition_distribution,2.1267923534746096,2.168450727000007,2048
sparse,natural,2048,-1,2,submesh_initialization,0.0003129016894531239,0.012789226000009535,2048
sparse,natural,2048,-1,2,surface_refine,0.007847871977050773,0.009189470000009692,2048
sparse,natural,2048,-1,2,vertex_count_allgather,2.332124330097656,4.2409097419999995,2048
sparse,natural,2048,-1,2,vertex_exchange,0.006988873358886469,0.020945382999997264,2048
sparse,natural,2048,-1,2,vertex_exchange_prepare,0.00027153222656272485,0.0008841700000061792,2048
sparse,natural,2048,-1,2,vertex_exchange_unpack,0.005845139485351432,0.02216009699999688,2048
sparse,natural,2048,-1,2,vertex_numbering_local,0.036910845357421854,0.07260920899999235,2048
sparse,natural,2048,-1,2,volume_exchange_pack,0.4978360190332031,0.745200557000004,2048
sparse,natural,2048,-1,2,volume_exchange_unpack,0.5455375861699218,0.9452667490000124,2048
sparse,natural,2048,-1,2,volume_payload_exchange,0.0368200607065429,0.05862642200000323,2048
sparse,natural,2048,-1,2,volume_payload_prepare,0.00464779611816396,0.010958932999997728,2048
sparse,natural,2048,-1,2,volume_refine,1.6038161670307616,2.239159884000003,2048
sparse,natural,2048,-1,2,volume_size_exchange,0.25257950466796875,0.4892506089999955,2048
sparse,natural,2048,-1,3,adjacency_build,0.00013321116357430107,0.0013970169999879545,2048
sparse,natural,2048,-1,3,element_count_allgather,0.0018330977924809477,0.002772773000003781,2048
sparse,natural,2048,-1,3,face_local_extract,0.1736103079936522,0.1960006620000172,2048
sparse,natural,2048,-1,3,face_map_setup,0.007822090826172176,0.019789072999998325,2048
sparse,natural,2048,-1,3,face_pipeline_total,0.44945220649902323,0.45607598800000915,2048
sparse,natural,2048,-1,3,face_sparse_context,0.027203059553222858,0.19870377399999484,2048
sparse,natural,2048,-1,3,face_sparse_deliver,0.014853002810058705,0.016184987999992018,2048
sparse,natural,2048,-1,3,face_sparse_directory,0.05280848300732434,0.057008668999998235,2048
sparse,natural,2048,-1,3,face_sparse_match,0.1690247094082033,0.2085283590000131,2048
sparse,natural,2048,-1,3,face_sparse_total,0.2649643425146484,0.4364823510000235,2048
sparse,natural,2048,-1,3,local_volume_mesh,6.473474561151367,8.796995320999997,2048
sparse,natural,2048,-1,3,metis_partition,2.118734302462402,2.1358869670000047,2048
sparse,natural,2048,-1,3,metis_seed,0.0008161921582031245,1.671561539999999,1
sparse,natural,2048,-1,3,part_face_create,0.011370445872558504,0.013176560999994535,2048
sparse,natural,2048,-1,3,partition_cost_balance,1.8384681152353033e-05,0.03765182700001901,1
sparse,natural,2048,-1,3,partition_cost_setup,0.0001886554501953075,0.38636636199998975,1
sparse,natural,2048,-1,3,partition_distribution,2.1175846012026374,2.1357790650000084,2048
sparse,natural,2048,-1,3,submesh_initialization,0.00030959049707054986,0.020232146000012108,2048
sparse,natural,2048,-1,3,surface_refine,0.00785912011669937,0.02040701999999328,2048
sparse,natural,2048,-1,3,vertex_count_allgather,2.3346035702236327,4.213761693000009,2048
sparse,natural,2048,-1,3,vertex_exchange,0.006746696374023503,0.020817614000009144,2048
sparse,natural,2048,-1,3,vertex_exchange_prepare,0.0002753952993164166,0.0026402320000045165,2048
sparse,natural,2048,-1,3,vertex_exchange_unpack,0.005920173808593887,0.01842753900001526,2048
sparse,natural,2048,-1,3,vertex_numbering_local,0.03675147157519548,0.06612077400001226,2048
sparse,natural,2048,-1,3,volume_exchange_pack,0.49800575283447257,0.8129710169999953,2048
sparse,natural,2048,-1,3,volume_exchange_unpack,0.5448905413295896,0.9195030969999891,2048
sparse,natural,2048,-1,3,volume_payload_exchange,0.036914444060058435,0.06201659399999926,2048
sparse,natural,2048,-1,3,volume_payload_prepare,0.004652191798339866,0.011351628999989316,2048
sparse,natural,2048,-1,3,volume_refine,1.602916443010742,2.294044176,2048
sparse,natural,2048,-1,3,volume_size_exchange,0.31701625638720715,0.5359855469999957,2048
sparse,natural,2048,17,1,adjacency_build,0.00012986915868684612,0.0004087859997525811,2048
sparse,natural,2048,17,1,element_count_allgather,0.0018826594472707292,0.00488441800007422,2048
sparse,natural,2048,17,1,face_local_extract,0.17352294270117108,0.20391895000011573,2048
sparse,natural,2048,17,1,face_map_setup,0.007808292535649963,0.009740554000018165,2048
sparse,natural,2048,17,1,face_pipeline_total,0.480352869586425,0.48629413000026034,2048
sparse,natural,2048,17,1,face_sparse_context,0.05715725844384556,0.22633774600035395,2048
sparse,natural,2048,17,1,face_sparse_deliver,0.015695119385737755,0.016545507999580877,2048
sparse,natural,2048,17,1,face_sparse_directory,0.05608278779541487,0.06810082699985287,2048
sparse,natural,2048,17,1,face_sparse_match,0.16607706634911845,0.16679324500000803,2048
sparse,natural,2048,17,1,face_sparse_total,0.2959769516166977,0.46565405899991674,2048
sparse,natural,2048,17,1,local_volume_mesh,6.475276024536128,9.112343328999941,2048
sparse,natural,2048,17,1,metis_partition,2.1645524758476573,2.1901284640002814,2048
sparse,natural,2048,17,1,metis_seed,0.0008440791596679986,1.7286741190000612,1
sparse,natural,2048,17,1,part_face_create,0.011382464237788437,0.015338909000092826,2048
sparse,natural,2048,17,1,partition_cost_balance,1.844138085926872e-05,0.037767947999782336,1
sparse,natural,2048,17,1,partition_cost_setup,0.00018759157031245088,0.3841875359998994,1
sparse,natural,2048,17,1,partition_distribution,2.1633112898515625,2.19002280299992,2048
sparse,natural,2048,17,1,submesh_initialization,0.000301823244623467,0.023066885000389448,2048
sparse,natural,2048,17,1,surface_refine,0.007880397812992435,0.010264510000070004,2048
sparse,natural,2048,17,1,vertex_count_allgather,2.5541866487514655,4.255200176000017,2048
sparse,natural,2048,17,1,vertex_exchange,0.006823664439449484,0.027423222999914287,2048
sparse,natural,2048,17,1,vertex_exchange_prepare,0.0002772940454089934,0.00090617400019255,2048
sparse,natural,2048,17,1,vertex_exchange_unpack,0.005900691140133363,0.021599526000045444,2048
sparse,natural,2048,17,1,vertex_numbering_local,0.03688716181444973,0.07101948400031688,2048
sparse,natural,2048,17,1,volume_exchange_pack,0.49814707094775534,0.8408040949998394,2048
sparse,natural,2048,17,1,volume_exchange_unpack,0.5447346606269536,0.9461678220000067,2048
sparse,natural,2048,17,1,volume_payload_exchange,0.03679171910497603,0.06004688500024713,2048
sparse,natural,2048,17,1,volume_payload_prepare,0.004587123853995179,0.00975329699986105,2048
sparse,natural,2048,17,1,volume_refine,1.6011498195898375,2.2672692609999103,2048
sparse,natural,2048,17,1,volume_size_exchange,0.34851644224121303,0.5503315099999782,2048
sparse,natural,2048,17,2,adjacency_build,0.00012943181298795403,0.0003281439999796021,2048
sparse,natural,2048,17,2,element_count_allgather,0.005933747858398342,0.011301395000003822,2048
sparse,natural,2048,17,2,face_local_extract,0.1729592933876955,0.1852256139999895,2048
sparse,natural,2048,17,2,face_map_setup,0.0077085545971680575,0.009824449000007007,2048
sparse,natural,2048,17,2,face_pipeline_total,0.4563163250312498,0.4595526219999897,2048
sparse,natural,2048,17,2,face_sparse_context,0.021461042903808694,0.1875697670000136,2048
sparse,natural,2048,17,2,face_sparse_deliver,0.016388217936523522,0.01708667399998376,2048
sparse,natural,2048,17,2,face_sparse_directory,0.05587826391015631,0.05981598299999291,2048
sparse,natural,2048,17,2,face_sparse_match,0.1778729177871094,0.19976796099999206,2048
sparse,natural,2048,17,2,face_sparse_total,0.27266673880908193,0.438804097000002,2048
sparse,natural,2048,17,2,local_volume_mesh,6.477233972192383,9.149851095999992,2048
sparse,natural,2048,17,2,metis_partition,2.163097861526367,2.1706037559999913,2048
sparse,natural,2048,17,2,metis_seed,0.000839788753906251,1.719887368000002,1
sparse,natural,2048,17,2,part_face_create,0.01138973845214851,0.014748381000003974,2048
sparse,natural,2048,17,2,partition_cost_balance,1.8421302734369926e-05,0.03772682799998961,1
sparse,natural,2048,17,2,partition_cost_setup,0.00019196602539063579,0.3931464200000221,1
sparse,natural,2048,17,2,partition_distribution,2.16193034703125,2.1704958750000003,2048
sparse,natural,2048,17,2,submesh_initialization,0.00025949374755837584,0.0005326659999980166,2048
sparse,natural,2048,17,2,surface_refine,0.007882377809570823,0.009267642999986947,2048
sparse,natural,2048,17,2,vertex_count_allgather,2.5911798861171875,4.2426417830000105,2048
sparse,natural,2048,17,2,vertex_exchange,0.006974003761229974,0.029441551000019217,2048
sparse,natural,2048,17,2,vertex_exchange_prepare,0.00027681154394555707,0.0010303950000150053,2048
sparse,natural,2048,17,2,vertex_exchange_unpack,0.005922242290527027,0.02211374300000557,2048
sparse,natural,2048,17,2,vertex_numbering_local,0.036715539932129115,0.07109633199999621,2048
sparse,natural,2048,17,2,volume_exchange_pack,0.49800035696142575,0.7153035150000164,2048
sparse,natural,2048,17,2,volume_exchange_unpack,0.5451364892792969,0.9769000719999781,2048
sparse,natural,2048,17,2,volume_payload_exchange,0.036736347374999936,0.06087287299999389,2048
sparse,natural,2048,17,2,volume_payload_prepare,0.004617471224121414,0.025631676000017478,2048
sparse,natural,2048,17,2,volume_refine,1.5991086004746093,2.146514719999999,2048
sparse,natural,2048,17,2,volume_size_exchange,0.21725882884179676,0.40719689499999845,2048
sparse,natural,2048,17,3,adjacency_build,0.0001296976523435106,0.00035520399998745233,2048
sparse,natural,2048,17,3,element_count_allgather,0.005301234680664152,0.00623567700000649,2048
sparse,natural,2048,17,3,face_local_extract,0.1735074722636718,0.18711483300000964,2048
sparse,natural,2048,17,3,face_map_setup,0.00781472343603451,0.009626009000015756,2048
sparse,natural,2048,17,3,face_pipeline_total,0.44452600698388656,0.44592609800000105,2048
sparse,natural,2048,17,3,face_sparse_context,0.015032913564941658,0.17926097400001595,2048
sparse,natural,2048,17,3,face_sparse_deliver,0.02186649994433612,0.023075692000020354,2048
sparse,natural,2048,17,3,face_sparse_directory,0.05579965070166015,0.06081152100000509,2048
sparse,natural,2048,17,3,face_sparse_match,0.1663619011298828,0.20260668600002418,2048
sparse,natural,2048,17,3,face_sparse_total,0.26017940840576154,0.4244121740000253,2048
sparse,natural,2048,17,3,local_volume_mesh,6.475664196365235,9.132323334999995,2048
sparse,natural,2048,17,3,metis_partition,2.2050889304458012,2.205450667000008,2048
sparse,natural,2048,17,3,metis_seed,0.0008576664956054664,1.7565009829999951,1
sparse,natural,2048,17,3,part_face_create,0.011379279015136995,0.01332598900000903,2048
sparse,natural,2048,17,3,partition_cost_balance,1.83723081054743e-05,0.037626487000011366,1
sparse,natural,2048,17,3,partition_cost_setup,0.00019539665966797348,0.4001723590000097,1
sparse,natural,2048,17,3,partition_distribution,2.20388641987207,2.20532466100002,2048
sparse,natural,2048,17,3,submesh_initialization,0.00027605549755893577,0.023747433000011142,2048
sparse,natural,2048,17,3,surface_refine,0.007901830216797037,0.009661544000010736,2048
sparse,natural,2048,17,3,vertex_count_allgather,2.58821752006543,4.304356206000023,2048
sparse,natural,2048,17,3,vertex_exchange,0.006829696515624928,0.025772790000019086,2048
sparse,natural,2048,17,3,vertex_exchange_prepare,0.000275344492675314,0.0009765329999993355,2048
sparse,natural,2048,17,3,vertex_exchange_unpack,0.005866861277832022,0.018412921000020788,2048
sparse,natural,2048,17,3,vertex_numbering_local,0.03676114660156281,0.07019943800000306,2048
sparse,natural,2048,17,3,volume_exchange_pack,0.49889797050244145,0.8902056130000062,2048
sparse,natural,2048,17,3,volume_exchange_unpack,0.5453067885346677,0.9266688779999868,2048
sparse,natural,2048,17,3,volume_payload_exchange,0.036637858574707194,0.05864053900000954,2048
sparse,natural,2048,17,3,volume_payload_prepare,0.004591089371093815,0.010090581000014254,2048
sparse,natural,2048,17,3,volume_refine,1.6003846384028322,2.3153546670000082,2048
sparse,natural,2048,17,3,volume_size_exchange,0.4014877760688476,0.6034765629999868,2048
sparse,natural,2048,41,1,adjacency_build,0.00013660035497942147,0.012709671000266098,2048
sparse,natural,2048,41,1,element_count_allgather,0.01191644507421663,0.014870143000280223,2048
sparse,natural,2048,41,1,face_local_extract,0.17346293577197547,0.21899384399966948,2048
sparse,natural,2048,41,1,face_map_setup,0.007820668392080732,0.009799921999729122,2048
sparse,natural,2048,41,1,face_pipeline_total,0.49713835747606794,0.5010570760000519,2048
sparse,natural,2048,41,1,face_sparse_context,0.06765962229345313,0.23531654799990065,2048
sparse,natural,2048,41,1,face_sparse_deliver,0.02108396878612928,0.02226318099974378,2048
sparse,natural,2048,41,1,face_sparse_directory,0.056526856511722734,0.0567338020000534,2048
sparse,natural,2048,41,1,face_sparse_match,0.16639143113037047,0.1670847559998947,2048
sparse,natural,2048,41,1,face_sparse_total,0.3128113495581015,0.48065430999986347,2048
sparse,natural,2048,41,1,local_volume_mesh,6.470088701339849,8.821858521000195,2048
sparse,natural,2048,41,1,metis_partition,2.127334257999026,2.1441099659996325,2048
sparse,natural,2048,41,1,metis_seed,0.0008262362329101158,1.6921318049999172,1
sparse,natural,2048,41,1,part_face_create,0.01140909002344026,0.015955270000176824,2048
sparse,natural,2048,41,1,partition_cost_balance,1.8443480468866014e-05,0.037772248000237596,1
sparse,natural,2048,41,1,partition_cost_setup,0.0001884608867188664,0.3859678960002384,1
sparse,natural,2048,41,1,partition_distribution,2.1261530815454055,2.144004524000138,2048
sparse,natural,2048,41,1,submesh_initialization,0.00032639952783131143,0.021774013000140258,2048
sparse,natural,2048,41,1,surface_refine,0.007829844160160304,0.011769584999910876,2048
sparse,natural,2048,41,1,vertex_count_allgather,2.392770734170897,4.24767807499984,2048
sparse,natural,2048,41,1,vertex_exchange,0.006797400323730107,0.019949840999743174,2048
sparse,natural,2048,41,1,vertex_exchange_prepare,0.00027528192236436766,0.0008522899997842615,2048
sparse,natural,2048,41,1,vertex_exchange_unpack,0.005835628168462836,0.017220033000285184,2048
sparse,natural,2048,41,1,vertex_numbering_local,0.03689271046679932,0.08417109200036066,2048
sparse,natural,2048,41,1,volume_exchange_pack,0.4974056922875938,0.7893559940002888,2048
sparse,natural,2048,41,1,volume_exchange_unpack,0.5463211107914991,0.9663929799999096,2048
sparse,natural,2048,41,1,volume_payload_exchange,0.03700315482519567,0.07215387800033568,2048
sparse,natural,2048,41,1,volume_payload_prepare,0.0046258590620094076,0.011276526000074227,2048
sparse,natural,2048,41,1,volume_refine,1.6036948616655256,2.245624635999775,2048
sparse,natural,2048,41,1,volume_size_exchange,0.2907218509843712,0.5541862500003845,2048
sparse,natural,2048,41,2,adjacency_build,0.00012866134912103977,0.00034904399999646785,2048
sparse,natural,2048,41,2,element_count_allgather,0.011804417482421871,0.016007128000005366,2048
sparse,natural,2048,41,2,face_local_extract,0.17353060738769538,0.21716696899999732,2048
sparse,natural,2048,41,2,face_map_setup,0.007814718039062429,0.010161867000000768,2048
sparse,natural,2048,41,2,face_pipeline_total,0.5145362432890624,0.5174904049999967,2048
sparse,natural,2048,41,2,face_sparse_context,0.04814155767626937,0.2115353790000043,2048
sparse,natural,2048,41,2,face_sparse_deliver,0.021031482912109458,0.022315358000000174,2048
sparse,natural,2048,41,2,face_sparse_directory,0.054205364817382765,0.0599939079999956,2048
sparse,natural,2048,41,2,face_sparse_match,0.2056828814316405,0.258543925000005,2048
sparse,natural,2048,41,2,face_sparse_total,0.33016243089892583,0.496457171000003,2048
sparse,natural,2048,41,2,local_volume_mesh,6.4700575666552735,8.910020440999993,2048
sparse,natural,2048,41,2,metis_partition,2.1626981076147462,2.1637167609999963,2048
sparse,natural,2048,41,2,metis_seed,0.0008420521196289034,1.7245227409999941,1
sparse,natural,2048,41,2,part_face_create,0.011397491138183582,0.01464547499999469,2048
sparse,natural,2048,41,2,partition_cost_balance,1.8444554687500198e-05,0.037774448000000405,1
sparse,natural,2048,41,2,partition_cost_setup,0.00019075982958984689,0.3906761310000064,1
sparse,natural,2048,41,2,partition_distribution,2.161501038249512,2.163614080000002,2048
sparse,natural,2048,41,2,submesh_initialization,0.00028367989208982064,0.02180479400000479,2048
sparse,natural,2048,41,2,surface_refine,0.007769038188476542,0.011045275000000743,2048
sparse,natural,2048,41,2,vertex_count_allgather,2.5216808179746093,4.390075615000001,2048
sparse,natural,2048,41,2,vertex_exchange,0.007100681435546877,0.02430157999999949,2048
sparse,natural,2048,41,2,vertex_exchange_prepare,0.0002770026274414236,0.0011500150000003373,2048
sparse,natural,2048,41,2,vertex_exchange_unpack,0.005902046686035167,0.020366701999996906,2048
sparse,natural,2048,41,2,vertex_numbering_local,0.03697972070263669,0.07261811000000051,2048
sparse,natural,2048,41,2,volume_exchange_pack,0.4975794841582031,0.7427291569999994,2048
sparse,natural,2048,41,2,volume_exchange_unpack,0.5454846909877928,0.9516945149999998,2048
sparse,natural,2048,41,2,volume_payload_exchange,0.0369399183232421,0.06030348599999513,2048
sparse,natural,2048,41,2,volume_payload_prepare,0.004660615232421932,0.026844826000001376,2048
sparse,natural,2048,41,2,volume_refine,1.6048011272617189,2.095286344999998,2048
sparse,natural,2048,41,2,volume_size_exchange,0.25595848346875005,0.5122130909999996,2048
sparse,natural,2048,41,3,adjacency_build,0.00012976904687528323,0.00039484499995978695,2048
sparse,natural,2048,41,3,element_count_allgather,0.0016474199516591792,0.004945200999998178,2048
sparse,natural,2048,41,3,face_local_extract,0.1734875674770504,0.1906588620000207,2048
sparse,natural,2048,41,3,face_map_setup,0.007813802768067646,0.00992221699999618,2048
sparse,natural,2048,41,3,face_pipeline_total,0.5298137832993166,0.5551506780000182,2048
sparse,natural,2048,41,3,face_sparse_context,0.01894705064208957,0.18403095000002168,2048
sparse,natural,2048,41,3,face_sparse_deliver,0.020519887398925574,0.0219235779999849,2048
sparse,natural,2048,41,3,face_sparse_directory,0.05540553674853532,0.06838961500000096,2048
sparse,natural,2048,41,3,face_sparse_match,0.24968886330175874,0.2856394550000232,2048
sparse,natural,2048,41,3,face_sparse_total,0.34548406052392555,0.5107573439999555,2048
sparse,natural,2048,41,3,local_volume_mesh,6.47144198747168,8.868452891000004,2048
sparse,natural,2048,41,3,metis_partition,2.130621877400879,2.131679609999992,2048
sparse,natural,2048,41,3,metis_seed,0.0008277571113281257,1.6952465640000014,1
sparse,natural,2048,41,3,part_face_create,0.011402937310546674,0.015198394000037752,2048
sparse,natural,2048,41,3,partition_cost_balance,1.8448087890615694e-05,0.03778168399998094,1
sparse,natural,2048,41,3,partition_cost_setup,0.00018861449365234484,0.38628248300000223,1
sparse,natural,2048,41,3,partition_distribution,2.129463826043457,2.1315712489999896,2048
sparse,natural,2048,41,3,submesh_initialization,0.00028084033837952327,0.014859520000015891,2048
sparse,natural,2048,41,3,surface_refine,0.0079051549785156,0.012165620000018862,2048
sparse,natural,2048,41,3,vertex_count_allgather,2.4500272218281247,4.295415999999989,2048
sparse,natural,2048,41,3,vertex_exchange,0.006809409735840294,0.019600405000005594,2048
sparse,natural,2048,41,3,vertex_exchange_prepare,0.0002742287504888252,0.0009188489999587546,2048
sparse,natural,2048,41,3,vertex_exchange_unpack,0.005811088900390476,0.01783907999998746,2048
sparse,natural,2048,41,3,vertex_numbering_local,0.036712406598632924,0.07474759000001541,2048
sparse,natural,2048,41,3,volume_exchange_pack,0.4965260531503908,0.7489715529999899,2048
sparse,natural,2048,41,3,volume_exchange_unpack,0.546150629497558,0.8848055939999995,2048
sparse,natural,2048,41,3,volume_payload_exchange,0.03678567575097594,0.06033974100000705,2048
sparse,natural,2048,41,3,volume_payload_prepare,0.004581177784667767,0.010893263999946612,2048
sparse,natural,2048,41,3,volume_refine,1.6040509299169918,2.3594871039999816,2048
sparse,natural,2048,41,3,volume_size_exchange,0.2548236288413097,0.5167586649999976,2048
sparse,natural,4096,-1,1,adjacency_build,0.00011591986792136577,0.0003517639997880906,4096
sparse,natural,4096,-1,1,element_count_allgather,0.011216861461179728,0.01365488200008258,4096
sparse,natural,4096,-1,1,face_local_extract,0.17889477188818603,0.23495246699985728,4096
sparse,natural,4096,-1,1,face_map_setup,0.00855150168383545,0.018419140999867523,4096
sparse,natural,4096,-1,1,face_pipeline_total,0.5565134821044888,0.569883980999748,4096
sparse,natural,4096,-1,1,face_sparse_context,0.07413819849852576,0.24363387099992906,4096
sparse,natural,4096,-1,1,face_sparse_deliver,0.03624755004467117,0.049270670999703725,4096
sparse,natural,4096,-1,1,face_sparse_directory,0.09738712728588828,0.11630827099997987,4096
sparse,natural,4096,-1,1,face_sparse_match,0.1572856381074198,0.22934873100030018,4096
sparse,natural,4096,-1,1,face_sparse_total,0.3660699324357839,0.5361217629997554,4096
sparse,natural,4096,-1,1,local_volume_mesh,5.560300185025634,8.930797499000164,4096
sparse,natural,4096,-1,1,metis_partition,2.497402894285408,2.5233707530001084,4096
sparse,natural,4096,-1,1,metis_seed,0.0004978296083985034,2.03911007600027,1
sparse,natural,4096,-1,1,part_face_create,0.011436630740721099,0.020512051999958203,4096
sparse,natural,4096,-1,1,partition_cost_balance,9.546112304748e-06,0.03910087600024781,1
sparse,natural,4096,-1,1,partition_cost_setup,9.630105126945399e-05,0.3944491059996835,1
sparse,natural,4096,-1,1,partition_distribution,2.4966492896633277,2.52320573399993,4096
sparse,natural,4096,-1,1,submesh_initialization,0.00021779021069290305,0.0033770559998629324,4096
sparse,natural,4096,-1,1,surface_refine,0.00527550918237174,0.012752215000091383,4096
sparse,natural,4096,-1,1,vertex_count_allgather,3.364793082387454,5.838737914999911,4096
sparse,natural,4096,-1,1,vertex_exchange,0.011544084952390565,0.02964561799990406,4096
sparse,natural,4096,-1,1,vertex_exchange_prepare,8.981717992850857e-05,0.0005861859999640728,4096
sparse,natural,4096,-1,1,vertex_exchange_unpack,0.004037769570315319,0.013019849000102113,4096
sparse,natural,4096,-1,1,vertex_numbering_local,0.020775259498528653,0.03734008700030245,4096
sparse,natural,4096,-1,1,volume_exchange_pack,0.262429775308588,0.4666527600002155,4096
sparse,natural,4096,-1,1,volume_exchange_unpack,0.30162030215820435,0.6982618689999072,4096
sparse,natural,4096,-1,1,volume_payload_exchange,0.028830802820798196,0.054525357999864354,4096
sparse,natural,4096,-1,1,volume_payload_prepare,0.0020060227338826175,0.007097365999925387,4096
sparse,natural,4096,-1,1,volume_refine,0.8099961603513154,1.245620499999859,4096
sparse,natural,4096,-1,1,volume_size_exchange,0.21404516404663032,0.3303808090004168,4096
sparse,natural,4096,-1,2,adjacency_build,0.0001111106655272559,0.0003561040000192861,4096
sparse,natural,4096,-1,2,element_count_allgather,0.01670746429272449,0.04821026299998721,4096
sparse,natural,4096,-1,2,face_local_extract,0.17910425408544928,0.26028977599999337,4096
sparse,natural,4096,-1,2,face_map_setup,0.008588771775390653,0.03176264900000092,4096
sparse,natural,4096,-1,2,face_pipeline_total,0.6023700631643066,0.6346816500000045,4096
sparse,natural,4096,-1,2,face_sparse_context,0.09372264379736331,0.26582787399999575,4096
sparse,natural,4096,-1,2,face_sparse_deliver,0.04376084839721674,0.06753200399998605,4096
sparse,natural,4096,-1,2,face_sparse_directory,0.10845690044140624,0.13358193700001664,4096
sparse,natural,4096,-1,2,face_sparse_match,0.16457622607006842,0.23724091900000133,4096
sparse,natural,4096,-1,2,face_sparse_total,0.4116041898666993,0.584774680999999,4096
sparse,natural,4096,-1,2,local_volume_mesh,5.555961768828613,8.90367174100001,4096
sparse,natural,4096,-1,2,metis_partition,2.5505828141706544,2.596049048999987,4096
sparse,natural,4096,-1,2,metis_seed,0.0005079446882324222,2.0805414430000013,1
sparse,natural,4096,-1,2,part_face_create,0.011523705411132845,0.02745034399998758,4096
sparse,natural,4096,-1,2,partition_cost_balance,9.524910888670385e-06,0.039014034999993896,1
sparse,natural,4096,-1,2,partition_cost_setup,9.64825329589844e-05,0.3951924550000001,1
sparse,natural,4096,-1,2,partition_distribution,2.5498170525500488,2.595878927000001,4096
sparse,natural,4096,-1,2,submesh_initialization,0.00020290828222655627,0.021315592000007655,4096
sparse,natural,4096,-1,2,surface_refine,0.005256933527099515,0.008636753999979874,4096
sparse,natural,4096,-1,2,vertex_count_allgather,3.453292527912842,5.730917765000015,4096
sparse,natural,4096,-1,2,vertex_exchange,0.01333754571484376,0.039835334999992256,4096
sparse,natural,4096,-1,2,vertex_exchange_prepare,7.218031127894514e-05,0.016943564999991167,4096
sparse,natural,4096,-1,2,vertex_exchange_unpack,0.004049316898681696,0.021094399999981306,4096
sparse,natural,4096,-1,2,vertex_numbering_local,0.020647183340820073,0.03840077899999983,4096
sparse,natural,4096,-1,2,volume_exchange_pack,0.26309470130175777,0.4796089660000007,4096
sparse,natural,4096,-1,2,volume_exchange_unpack,0.30222586170654286,0.6847924870000099,4096
sparse,natural,4096,-1,2,volume_payload_exchange,0.026600685910156123,0.053593069999976706,4096
sparse,natural,4096,-1,2,volume_payload_prepare,0.0023062023630372394,0.02469881299998633,4096
sparse,natural,4096,-1,2,volume_refine,0.8094239877924804,1.2771113290000073,4096
sparse,natural,4096,-1,2,volume_size_exchange,0.22915598261840833,0.3493814509999993,4096
sparse,natural,4096,-1,3,adjacency_build,0.00011526739575175304,0.00035840499998585074,4096
sparse,natural,4096,-1,3,element_count_allgather,0.017277128399414303,0.04010812499998906,4096
sparse,natural,4096,-1,3,face_local_extract,0.17880388917504864,0.3172592790000124,4096
sparse,natural,4096,-1,3,face_map_setup,0.008405082115234622,0.02881218000001695,4096
sparse,natural,4096,-1,3,face_pipeline_total,0.7131289601245117,0.756919651000004,4096
sparse,natural,4096,-1,3,face_sparse_context,0.14588693445581072,0.32860343600000874,4096
sparse,natural,4096,-1,3,face_sparse_deliver,0.04008854623681659,0.042530317999990075,4096
sparse,natural,4096,-1,3,face_sparse_directory,0.11143573127880851,0.14033868299998176,4096
sparse,natural,4096,-1,3,face_sparse_match,0.2242778106269529,0.3171005540000067,4096
sparse,natural,4096,-1,3,face_sparse_total,0.5228429563444824,0.6925496689999875,4096
sparse,natural,4096,-1,3,local_volume_mesh,5.56013189820581,8.897070878999983,4096
sparse,natural,4096,-1,3,metis_partition,2.5258157462968747,2.5726355870000077,4096
sparse,natural,4096,-1,3,metis_seed,0.0005003076037597629,2.0492599449999886,1
sparse,natural,4096,-1,3,part_face_create,0.011453932944580109,0.04195717799998988,4096
sparse,natural,4096,-1,3,partition_cost_balance,9.470491455075558e-06,0.038791132999989486,1
sparse,natural,4096,-1,3,partition_cost_setup,9.745544067382705e-05,0.3991774849999956,1
sparse,natural,4096,-1,3,partition_distribution,2.5250643499899903,2.5724611040000127,4096
sparse,natural,4096,-1,3,submesh_initialization,0.0001970375236813801,0.0012495349999994687,4096
sparse,natural,4096,-1,3,surface_refine,0.005255937458496507,0.015618784999986701,4096
sparse,natural,4096,-1,3,vertex_count_allgather,3.3840032348576656,5.782048191000001,4096
sparse,natural,4096,-1,3,vertex_exchange,0.014692662985107394,0.03938979000000131,4096
sparse,natural,4096,-1,3,vertex_exchange_prepare,5.101143090824323e-05,0.00040588499999216765,4096
sparse,natural,4096,-1,3,vertex_exchange_unpack,0.00408190393237319,0.01331997200000501,4096
sparse,natural,4096,-1,3,vertex_numbering_local,0.02074355153491187,0.040601727999984405,4096
sparse,natural,4096,-1,3,volume_exchange_pack,0.2633859275197753,0.4905212580000011,4096
sparse,natural,4096,-1,3,volume_exchange_unpack,0.3028413922604982,0.6983084309999867,4096
sparse,natural,4096,-1,3,volume_payload_exchange,0.026599495702880845,0.056641305999988845,4096
sparse,natural,4096,-1,3,volume_payload_prepare,0.002330142659179829,0.024511916999983896,4096
sparse,natural,4096,-1,3,volume_refine,0.8094983694819335,1.2975992600000268,4096
sparse,natural,4096,-1,3,volume_size_exchange,0.22711198679125968,0.3386013409999862,4096
sparse,natural,4096,17,1,adjacency_build,0.0001096629018582096,0.0003695229997902061,4096
sparse,natural,4096,17,1,element_count_allgather,0.021587182991937626,0.04682122700023683,4096
sparse,natural,4096,17,1,face_local_extract,0.17931270777612696,0.2642267090000132,4096
sparse,natural,4096,17,1,face_map_setup,0.008674699736331504,0.06703891300003306,4096
sparse,natural,4096,17,1,face_pipeline_total,0.6117389094599601,0.6323001929999919,4096
sparse,natural,4096,17,1,face_sparse_context,0.10704935352514688,0.28276036800025395,4096
sparse,natural,4096,17,1,face_sparse_deliver,0.03619315874560525,0.03945041399992988,4096
sparse,natural,4096,17,1,face_sparse_directory,0.11926301326561828,0.14491212700022515,4096
sparse,natural,4096,17,1,face_sparse_match,0.15721549407397972,0.21311640700014323,4096
sparse,natural,4096,17,1,face_sparse_total,0.4207356526997089,0.5978494870000759,4096
sparse,natural,4096,17,1,local_volume_mesh,5.554960683654777,8.692610856999636,4096
sparse,natural,4096,17,1,metis_partition,2.5574876825017103,2.6129923710000185,4096
sparse,natural,4096,17,1,metis_seed,0.0005056839221191378,2.0712813449999885,1
sparse,natural,4096,17,1,part_face_create,0.01142661496117714,0.015556670000023587,4096
sparse,natural,4096,17,1,partition_cost_balance,9.536717773483971e-06,0.03906239600019035,1
sparse,natural,4096,17,1,partition_cost_setup,9.567399243159969e-05,0.3918806729998323,1
sparse,natural,4096,17,1,partition_distribution,2.5567258456352584,2.612846089999948,4096
sparse,natural,4096,17,1,submesh_initialization,0.00021036662573625797,0.011964679999891814,4096
sparse,natural,4096,17,1,surface_refine,0.0052735487319334196,0.015688926000166248,4096
sparse,natural,4096,17,1,vertex_count_allgather,3.561193534158209,6.246692938999786,4096
sparse,natural,4096,17,1,vertex_exchange,0.013891143516352567,0.10545423300027323,4096
sparse,natural,4096,17,1,vertex_exchange_prepare,6.13373593786326e-05,0.00040838499990059063,4096
sparse,natural,4096,17,1,vertex_exchange_unpack,0.004044756060550658,0.013893849999931263,4096
sparse,natural,4096,17,1,vertex_numbering_local,0.020714114393555527,0.04101047199992536,4096
sparse,natural,4096,17,1,volume_exchange_pack,0.26219255023217536,0.4449329020003461,4096
sparse,natural,4096,17,1,volume_exchange_unpack,0.3018728772355943,0.6667660870002692,4096
sparse,natural,4096,17,1,volume_payload_exchange,0.02625684325415345,0.05739964399981545,4096
sparse,natural,4096,17,1,volume_payload_prepare,0.0023323997561019993,0.021677614000054746,4096
sparse,natural,4096,17,1,volume_refine,0.8087593531264649,1.2710398760000317,4096
sparse,natural,4096,17,1,volume_size_exchange,0.20355711638842233,0.31247691799990207,4096
sparse,natural,4096,17,2,adjacency_build,0.00010821637988297356,0.000332224000004544,4096
sparse,natural,4096,17,2,element_count_allgather,0.01586295264111292,0.03653980799998635,4096
sparse,natural,4096,17,2,face_local_extract,0.1795120555234374,0.26631313900000464,4096
sparse,natural,4096,17,2,face_map_setup,0.008725806620361348,0.031523672999981045,4096
sparse,natural,4096,17,2,face_pipeline_total,0.6078425615466309,0.6432492289999914,4096
sparse,natural,4096,17,2,face_sparse_context,0.12157316787231426,0.2887362840000094,4096
sparse,natural,4096,17,2,face_sparse_deliver,0.041521458350097504,0.06758877799998686,4096
sparse,natural,4096,17,2,face_sparse_directory,0.10040862015087887,0.12641921299999126,4096
sparse,natural,4096,17,2,face_sparse_match,0.15203821368334927,0.24283718199998816,4096
sparse,natural,4096,17,2,face_sparse_total,0.41656260306884774,0.5952260130000013,4096
sparse,natural,4096,17,2,local_volume_mesh,5.544285833292725,8.664282251000003,4096
sparse,natural,4096,17,2,metis_partition,2.5685254674074707,2.661822510999997,4096
sparse,natural,4096,17,2,metis_seed,0.0005131389289550828,2.101817053000019,1
sparse,natural,4096,17,2,part_face_create,0.011458576299072216,0.014979412000002412,4096
sparse,natural,4096,17,2,partition_cost_balance,9.555687744140784e-06,0.03914009700000065,1
sparse,natural,4096,17,2,partition_cost_setup,9.703162670898074e-05,0.39744154299998513,1
sparse,natural,4096,17,2,partition_distribution,2.567754802021484,2.66164464900001,4096
sparse,natural,4096,17,2,submesh_initialization,0.00019987854809570132,0.0144669899999883,4096
sparse,natural,4096,17,2,surface_refine,0.0052681318061523555,0.015224900999982083,4096
sparse,natural,4096,17,2,vertex_count_allgather,3.5353107203767093,6.0021920429999795,4096
sparse,natural,4096,17,2,vertex_exchange,0.013530066370117326,0.07226924299999382,4096
sparse,natural,4096,17,2,vertex_exchange_prepare,7.069309375008076e-05,0.0005005659999994805,4096
sparse,natural,4096,17,2,vertex_exchange_unpack,0.004125119335449526,0.02362687600000868,4096
sparse,natural,4096,17,2,vertex_numbering_local,0.020682151168212974,0.0390523150000206,4096
sparse,natural,4096,17,2,volume_exchange_pack,0.2629046160195313,0.46804351199997996,4096
sparse,natural,4096,17,2,volume_exchange_unpack,0.3022460917714844,0.668946238999979,4096
sparse,natural,4096,17,2,volume_payload_exchange,0.026754018572753634,0.0639284770000188,4096
sparse,natural,4096,17,2,volume_payload_prepare,0.002349964829101568,0.030807237999994186,4096
sparse,natural,4096,17,2,volume_refine,0.807731953449951,1.4401792079999893,4096
sparse,natural,4096,17,2,volume_size_exchange,0.20898473685620136,0.31301436100000046,4096
sparse,natural,4096,17,3,adjacency_build,0.0001070592871086351,0.0003126039999870045,4096
sparse,natural,4096,17,3,element_count_allgather,0.019217650489746108,0.04493035900003406,4096
sparse,natural,4096,17,3,face_local_extract,0.1794801121833498,0.27213300099998605,4096
sparse,natural,4096,17,3,face_map_setup,0.008597065273193663,0.03551443499998186,4096
sparse,natural,4096,17,3,face_pipeline_total,0.7339738953850098,0.7686769449999815,4096
sparse,natural,4096,17,3,face_sparse_context,0.11817684177539005,0.30811878399998704,4096
sparse,natural,4096,17,3,face_sparse_deliver,0.059283480346679754,0.060090925999986666,4096
sparse,natural,4096,17,3,face_sparse_directory,0.14488420285327108,0.1720823250000194,4096
sparse,natural,4096,17,3,face_sparse_match,0.21919130251464816,0.30991747000001624,4096
sparse,natural,4096,17,3,face_sparse_total,0.5428207676171877,0.7226800509999975,4096
sparse,natural,4096,17,3,local_volume_mesh,5.550824664246338,8.326164471000027,4096
sparse,natural,4096,17,3,metis_partition,2.5393080786140136,2.6052072460000204,4096
sparse,natural,4096,17,3,metis_seed,0.0005056744199218727,2.0712424239999905,1
sparse,natural,4096,17,3,part_face_create,0.011506970734374872,0.03390732799999796,4096
sparse,natural,4096,17,3,partition_cost_balance,9.524505615240986e-06,0.03901237500002708,1
sparse,natural,4096,17,3,partition_cost_setup,9.66840541992281e-05,0.3960178860000383,1
sparse,natural,4096,17,3,partition_distribution,2.5385444963793944,2.6050365039999974,4096
sparse,natural,4096,17,3,submesh_initialization,0.00019812391674817187,0.009698102000015751,4096
sparse,natural,4096,17,3,surface_refine,0.005260801470947804,0.012838014999999814,4096
sparse,natural,4096,17,3,vertex_count_allgather,3.1792545742746587,5.839215900999989,4096
sparse,natural,4096,17,3,vertex_exchange,0.014749952010253503,0.044471869999995306,4096
sparse,natural,4096,17,3,vertex_exchange_prepare,8.22251889644049e-05,0.00043798500001912544,4096
sparse,natural,4096,17,3,vertex_exchange_unpack,0.004016173347899665,0.016291061999993417,4096
sparse,natural,4096,17,3,vertex_numbering_local,0.02067813118945311,0.04076856799997586,4096
sparse,natural,4096,17,3,volume_exchange_pack,0.26257202098608445,0.457681894000018,4096
sparse,natural,4096,17,3,volume_exchange_unpack,0.301922139745605,0.6734393520000026,4096
sparse,natural,4096,17,3,volume_payload_exchange,0.026991342538574534,0.05591076600001088,4096
sparse,natural,4096,17,3,volume_payload_prepare,0.0022660625122073175,0.024802749999992102,4096
sparse,natural,4096,17,3,volume_refine,0.8072579798786617,1.2114888730000075,4096
sparse,natural,4096,17,3,volume_size_exchange,0.20732905416259767,0.321694750000006,4096
sparse,natural,4096,41,1,adjacency_build,0.00010760526342601384,0.00032998400001815753,4096
sparse,natural,4096,41,1,element_count_allgather,0.01494376923730567,0.041902762000063376,4096
sparse,natural,4096,41,1,face_local_extract,0.1794222606916469,0.24209865500006345,4096
sparse,natural,4096,41,1,face_map_setup,0.008732129163816937,0.030270697999640106,4096
sparse,natural,4096,41,1,face_pipeline_total,0.598991217529537,0.6348762100001295,4096
sparse,natural,4096,41,1,face_sparse_context,0.11035386627001598,0.30408757900022465,4096
sparse,natural,4096,41,1,face_sparse_deliver,0.03275765453369084,0.03366056300001219,4096
sparse,natural,4096,41,1,face_sparse_directory,0.10650325008618,0.12843078700007027,4096
sparse,natural,4096,41,1,face_sparse_match,0.1571393594033237,0.2602459600002476,4096
sparse,natural,4096,41,1,face_sparse_total,0.4078111085031746,0.6033441560002757,4096
sparse,natural,4096,41,1,local_volume_mesh,5.554504533467046,7.904668722999759,4096
sparse,natural,4096,41,1,metis_partition,2.5673061754023436,2.628229587000078,4096
sparse,natural,4096,41,1,metis_seed,0.0005075828378906522,2.0790593040001113,1
sparse,natural,4096,41,1,part_face_create,0.011437509132564694,0.015580840999973589,4096
sparse,natural,4096,41,1,partition_cost_balance,9.527059570246799e-06,0.03902283599973089,1
sparse,natural,4096,41,1,partition_cost_setup,9.795442651372444e-05,0.4012213310002153,1
sparse,natural,4096,41,1,partition_distribution,2.566530688291749,2.628065586000048,4096
sparse,natural,4096,41,1,submesh_initialization,0.00021991761328477022,0.024398789000315446,4096
sparse,natural,4096,41,1,surface_refine,0.005269390074217339,0.017747166999924957,4096
sparse,natural,4096,41,1,vertex_count_allgather,2.3482888310754415,4.911834402000295,4096
sparse,natural,4096,41,1,vertex_exchange,0.012032157111574016,0.03773342900012722,4096
sparse,natural,4096,41,1,vertex_exchange_prepare,8.555054590031475e-05,0.0005150659999344498,4096
sparse,natural,4096,41,1,vertex_exchange_unpack,0.004023469471433061,0.03426006600011533,4096
sparse,natural,4096,41,1,vertex_numbering_local,0.020653976263182994,0.043200753000292025,4096
sparse,natural,4096,41,1,volume_exchange_pack,0.2625949800761731,0.5009566669996275,4096
sparse,natural,4096,41,1,volume_exchange_unpack,0.30248159302490174,0.7275609080002141,4096
sparse,natural,4096,41,1,volume_payload_exchange,0.026665602419671863,0.0812158610001461,4096
sparse,natural,4096,41,1,volume_payload_prepare,0.0023222858930647128,0.025163584999972954,4096
sparse,natural,4096,41,1,volume_refine,0.8091240093837877,1.2344104099997821,4096
sparse,natural,4096,41,1,volume_size_exchange,0.25137673685375694,0.3699570670000867,4096
sparse,natural,4096,41,2,adjacency_build,0.00010890173925763233,0.0003267640000075289,4096
sparse,natural,4096,41,2,element_count_allgather,0.008631902136474658,0.011589674000006767,4096
sparse,natural,4096,41,2,face_local_extract,0.17946108852221682,0.34056688599999063,4096
sparse,natural,4096,41,2,face_map_setup,0.008808218399169815,0.01041740600000196,4096
sparse,natural,4096,41,2,face_pipeline_total,0.6773206731499024,0.6985592959999991,4096
sparse,natural,4096,41,2,face_sparse_context,0.18672044981860345,0.3493582730000071,4096
sparse,natural,4096,41,2,face_sparse_deliver,0.036413406037353505,0.0459016750000103,4096
sparse,natural,4096,41,2,face_sparse_directory,0.11298997858593746,0.13232395599999336,4096
sparse,natural,4096,41,2,face_sparse_match,0.14900510565039066,0.1974628480000007,4096
sparse,natural,4096,41,2,face_sparse_total,0.48615005517333987,0.6621678630000076,4096
sparse,natural,4096,41,2,local_volume_mesh,5.555575052188721,7.774442651000001,4096
sparse,natural,4096,41,2,metis_partition,2.543933138165039,2.5831899669999956,4096
sparse,natural,4096,41,2,metis_seed,0.0005071899958496093,2.0774502229999996,1
sparse,natural,4096,41,2,part_face_create,0.011543989249023306,0.024446323000006487,4096
sparse,natural,4096,41,2,partition_cost_balance,9.529852539064826e-06,0.03903427600000953,1
sparse,natural,4096,41,2,partition_cost_setup,9.70463974609391e-05,0.39750204400000655,1
sparse,natural,4096,41,2,partition_distribution,2.5431544672199706,2.583007265000006,4096
sparse,natural,4096,41,2,submesh_initialization,0.00020979757006843805,0.02128438799999799,4096
sparse,natural,4096,41,2,surface_refine,0.004918142889160197,0.025273706999996648,4096
sparse,natural,4096,41,2,vertex_count_allgather,2.5870493656767577,4.9498585529999986,4096
sparse,natural,4096,41,2,vertex_exchange,0.011836992555664116,0.029347632000011004,4096
sparse,natural,4096,41,2,vertex_exchange_prepare,8.649117993156027e-05,0.0005700469999965208,4096
sparse,natural,4096,41,2,vertex_exchange_unpack,0.004048679724121117,0.013544463000002338,4096
sparse,natural,4096,41,2,vertex_numbering_local,0.020675731348144554,0.060117036000008284,4096
sparse,natural,4096,41,2,volume_exchange_pack,0.2620249204770509,0.4523734019999921,4096
sparse,natural,4096,41,2,volume_exchange_unpack,0.30164503981079094,0.7404180099999991,4096
sparse,natural,4096,41,2,volume_payload_exchange,0.026093979670165964,0.052260132999990105,4096
sparse,natural,4096,41,2,volume_payload_prepare,0.002219741048339871,0.0076583390000024565,4096
sparse,natural,4096,41,2,volume_refine,0.8085967290300293,1.2203524819999956,4096
sparse,natural,4096,41,2,volume_size_exchange,0.19765492170336896,0.31552098799998873,4096
sparse,natural,4096,41,3,adjacency_build,0.00010745621850570541,0.0003036039999528839,4096
sparse,natural,4096,41,3,element_count_allgather,0.01765071176489276,0.07145260300001155,4096
sparse,natural,4096,41,3,face_local_extract,0.17952319145336965,0.29615979599998354,4096
sparse,natural,4096,41,3,face_map_setup,0.008787774359862749,0.022455204000038975,4096
sparse,natural,4096,41,3,face_pipeline_total,0.6111139967434082,0.6383797689999824,4096
sparse,natural,4096,41,3,face_sparse_context,0.11994434443774447,0.29525768500002414,4096
sparse,natural,4096,41,3,face_sparse_deliver,0.041376633683837996,0.04424152200004983,4096
sparse,natural,4096,41,3,face_sparse_directory,0.10133157671777394,0.1262021609999806,4096
sparse,natural,4096,41,3,face_sparse_match,0.15613526412377934,0.2010351349999837,4096
sparse,natural,4096,41,3,face_sparse_total,0.419834051101806,0.5957224169999904,4096
sparse,natural,4096,41,3,local_volume_mesh,5.5522751907973635,7.901131356999997,4096
sparse,natural,4096,41,3,metis_partition,2.62743942923584,2.6845307989999583,4096
sparse,natural,4096,41,3,metis_seed,0.0005217958740234424,2.13727590000002,1
sparse,natural,4096,41,3,part_face_create,0.011452109594237925,0.020880520999980945,4096
sparse,natural,4096,41,3,partition_cost_balance,9.538423095714621e-06,0.03906938100004709,1
sparse,natural,4096,41,3,partition_cost_setup,9.769787353515469e-05,0.4001704899999936,1
sparse,natural,4096,41,3,partition_distribution,2.6266578667497553,2.6844178779999766,4096
sparse,natural,4096,41,3,submesh_initialization,0.00020342513623052005,0.02267710499995701,4096
sparse,natural,4096,41,3,surface_refine,0.005207076895996657,0.021891205000031277,4096
sparse,natural,4096,41,3,vertex_count_allgather,2.712586982618164,5.172203240999977,4096
sparse,natural,4096,41,3,vertex_exchange,0.013107076816161772,0.0598852969999939,4096
sparse,natural,4096,41,3,vertex_exchange_prepare,5.49305246579368e-05,0.000423424999951294,4096
sparse,natural,4096,41,3,vertex_exchange_unpack,0.004018617503418323,0.02974566200003892,4096
sparse,natural,4096,41,3,vertex_numbering_local,0.020655853952637165,0.042578471000012996,4096
sparse,natural,4096,41,3,volume_exchange_pack,0.2627863612971189,0.49280911300002117,4096
sparse,natural,4096,41,3,volume_exchange_unpack,0.3028657708923342,0.7399938360000533,4096
sparse,natural,4096,41,3,volume_payload_exchange,0.027057769488769187,0.0660119500000178,4096
sparse,natural,4096,41,3,volume_payload_prepare,0.0022982437507323983,0.03357390500002566,4096
sparse,natural,4096,41,3,volume_refine,0.8084755649238277,1.214123088000008,4096
sparse,natural,4096,41,3,volume_size_exchange,0.25338796862084956,0.37424402099998133,4096
sparse,natural,8192,-1,1,adjacency_build,9.750662194812042e-05,0.00030980500000055144,8192
sparse,natural,8192,-1,1,element_count_allgather,0.0023453653784180004,0.021962127999998415,8192
sparse,natural,8192,-1,1,face_local_extract,0.17531294146630855,0.20931696299999203,8192
sparse,natural,8192,-1,1,face_map_setup,0.008399711432128905,0.010655177000003846,8192
sparse,natural,8192,-1,1,face_pipeline_total,0.6888942561723632,0.691387253000002,8192
sparse,natural,8192,-1,1,face_sparse_context,0.04390809210290529,0.20973654299999112,8192
sparse,natural,8192,-1,1,face_sparse_deliver,0.10161846694531254,0.10360768199998915,8192
sparse,natural,8192,-1,1,face_sparse_directory,0.18903818522387705,0.2186910170000118,8192
sparse,natural,8192,-1,1,face_sparse_match,0.16666879683276364,0.24158981299999027,8192
sparse,natural,8192,-1,1,face_sparse_total,0.5021535935930176,0.6705895030000022,8192
sparse,natural,8192,-1,1,local_volume_mesh,4.655565098289185,7.753370132000001,8192
sparse,natural,8192,-1,1,metis_partition,2.8626445059222414,2.880522208000002,8192
sparse,natural,8192,-1,1,metis_seed,0.00029418675427246143,2.409977891000004,1
sparse,natural,8192,-1,1,part_face_create,0.011404556710449243,0.01568447999999023,8192
sparse,natural,8192,-1,1,partition_cost_balance,5.093332397460536e-06,0.04172457899999671,1
sparse,natural,8192,-1,1,partition_cost_setup,4.7699951660156066e-05,0.3907580039999985,1
sparse,natural,8192,-1,1,partition_distribution,2.862140026524536,2.880387227,8192
sparse,natural,8192,-1,1,submesh_initialization,0.00022754028295898007,0.019231064000003073,8192
sparse,natural,8192,-1,1,surface_refine,0.004385185489013664,0.008242953999996416,8192
sparse,natural,8192,-1,1,vertex_count_allgather,3.48512325370105,6.601623985000003,8192
sparse,natural,8192,-1,1,vertex_exchange,0.016306932025024458,0.039363574999995876,8192
sparse,natural,8192,-1,1,vertex_exchange_prepare,7.75213702392738e-05,0.0005420469999961597,8192
sparse,natural,8192,-1,1,vertex_exchange_unpack,0.003075948938232412,0.01310633599999278,8192
sparse,natural,8192,-1,1,vertex_numbering_local,0.013288960923339775,0.029634225999998876,8192
sparse,natural,8192,-1,1,volume_exchange_pack,0.15940155788513188,0.3177080819999958,8192
sparse,natural,8192,-1,1,volume_exchange_unpack,0.1896256808843995,0.42378113899999903,8192
sparse,natural,8192,-1,1,volume_payload_exchange,0.018523442941528356,0.035339702000001694,8192
sparse,natural,8192,-1,1,volume_payload_prepare,0.0026092043352050585,0.006372068999993985,8192
sparse,natural,8192,-1,1,volume_refine,0.43784040332446283,0.8227220859999989,8192
sparse,natural,8192,-1,1,volume_size_exchange,0.1669024897600098,0.24488499999999647,8192
sparse,natural,8192,-1,2,adjacency_build,9.885438598650556e-05,0.00033688500002426736,8192
sparse,natural,8192,-1,2,element_count_allgather,0.013040334833129889,0.03589965100002246,8192
sparse,natural,8192,-1,2,face_local_extract,0.17528674946850575,0.20200490000001992,8192
sparse,natural,8192,-1,2,face_map_setup,0.008394974465698441,0.010268340999999737,8192
sparse,natural,8192,-1,2,face_pipeline_total,0.7140598742944336,0.7174795429999961,8192
sparse,natural,8192,-1,2,face_sparse_context,0.07187752080847166,0.23857598600000074,8192
sparse,natural,8192,-1,2,face_sparse_deliver,0.09811076317468284,0.10011973000001717,8192
sparse,natural,8192,-1,2,face_sparse_directory,0.18767123602233884,0.21857643399999915,8192
sparse,natural,8192,-1,2,face_sparse_match,0.16871286236120614,0.23817512699997678,8192
sparse,natural,8192,-1,2,face_sparse_total,0.5273578010423585,0.6946534960000008,8192
sparse,natural,8192,-1,2,local_volume_mesh,4.642245605241089,8.131692036999993,8192
sparse,natural,8192,-1,2,metis_partition,2.840898877681763,2.8996980810000252,8192
sparse,natural,8192,-1,2,metis_seed,0.00029180063061523195,2.39043076599998,1
sparse,natural,8192,-1,2,part_face_create,0.011395371731933699,0.015359304000014617,8192
sparse,natural,8192,-1,2,partition_cost_balance,4.96624108886623e-06,0.04068344699999216,1
sparse,natural,8192,-1,2,partition_cost_setup,4.767019543456749e-05,0.3905142409999769,1
sparse,natural,8192,-1,2,partition_distribution,2.840402795930176,2.8995389330000023,8192
sparse,natural,8192,-1,2,submesh_initialization,0.00018834382812476028,0.0011780769999916174,8192
sparse,natural,8192,-1,2,surface_refine,0.004380974542114328,0.008112881999977617,8192
sparse,natural,8192,-1,2,vertex_count_allgather,3.821983606612915,6.890836218999993,8192
sparse,natural,8192,-1,2,vertex_exchange,0.016672156968261548,0.09817406300001608,8192
sparse,natural,8192,-1,2,vertex_exchange_prepare,8.191660241668036e-05,0.0006457669999804239,8192
sparse,natural,8192,-1,2,vertex_exchange_unpack,0.003101117052734345,0.021720060000006924,8192
sparse,natural,8192,-1,2,vertex_numbering_local,0.013324987569579973,0.027353973999993286,8192
sparse,natural,8192,-1,2,volume_exchange_pack,0.15955706837609873,0.31880379799997627,8192
sparse,natural,8192,-1,2,volume_exchange_unpack,0.18977026784204112,0.45034621499999616,8192
sparse,natural,8192,-1,2,volume_payload_exchange,0.018640585085327156,0.0427327109999851,8192
sparse,natural,8192,-1,2,volume_payload_prepare,0.002602543245483365,0.0072237139999913325,8192
sparse,natural,8192,-1,2,volume_refine,0.4378991462331544,0.8253804459999969,8192
sparse,natural,8192,-1,2,volume_size_exchange,0.17362973979760762,0.24876237099999798,8192
sparse,natural,8192,-1,3,adjacency_build,9.703435864218124e-05,0.0002958039999612083,8192
sparse,natural,8192,-1,3,element_count_allgather,0.018075169670776006,0.030900090000045566,8192
sparse,natural,8192,-1,3,face_local_extract,0.1753686485701905,0.18826439399998662,8192
sparse,natural,8192,-1,3,face_map_setup,0.008386740624877896,0.011207850000005237,8192
sparse,natural,8192,-1,3,face_pipeline_total,0.7160408375822752,0.7351878499999884,8192
sparse,natural,8192,-1,3,face_sparse_context,0.07300030895996093,0.24210262200000443,8192
sparse,natural,8192,-1,3,face_sparse_deliver,0.098889723449707,0.09970006600002534,8192
sparse,natural,8192,-1,3,face_sparse_directory,0.1878937180242917,0.221730717000014,8192
sparse,natural,8192,-1,3,face_sparse_match,0.1684666522407229,0.20033183700002155,8192
sparse,natural,8192,-1,3,face_sparse_total,0.5292492859711916,0.6988528990000304,8192
sparse,natural,8192,-1,3,local_volume_mesh,4.648040858494752,7.863623540999981,8192
sparse,natural,8192,-1,3,metis_partition,2.8756440283597406,2.930705205000038,8192
sparse,natural,8192,-1,3,metis_seed,0.000294955185180662,2.416272876999983,1
sparse,natural,8192,-1,3,part_face_create,0.011401734145629921,0.015370693000022584,8192
sparse,natural,8192,-1,3,partition_cost_balance,5.088136962892731e-06,0.04168201800001725,1
sparse,natural,8192,-1,3,partition_cost_setup,4.789016357421849e-05,0.3923162199999979,1
sparse,natural,8192,-1,3,partition_distribution,2.8751372014766843,2.9305032030000007,8192
sparse,natural,8192,-1,3,submesh_initialization,0.00021620760986305193,0.0004942859999914617,8192
sparse,natural,8192,-1,3,surface_refine,0.004382735685790451,0.007589266000024963,8192
sparse,natural,8192,-1,3,vertex_count_allgather,3.603639737612305,6.578875380999989,8192
sparse,natural,8192,-1,3,vertex_exchange,0.01626072832165496,0.035693108000032225,8192
sparse,natural,8192,-1,3,vertex_exchange_prepare,8.192759728992138e-05,0.001812000999962038,8192
sparse,natural,8192,-1,3,vertex_exchange_unpack,0.0030833108872070636,0.01360007900001392,8192
sparse,natural,8192,-1,3,vertex_numbering_local,0.01331025209753401,0.03815290099998947,8192
sparse,natural,8192,-1,3,volume_exchange_pack,0.15953172776525862,0.3166770419999807,8192
sparse,natural,8192,-1,3,volume_exchange_unpack,0.18969815471874973,0.42105347900002243,8192
sparse,natural,8192,-1,3,volume_payload_exchange,0.018652692189209244,0.04490637899999683,8192
sparse,natural,8192,-1,3,volume_payload_prepare,0.0026216481776127204,0.0063150949999908335,8192
sparse,natural,8192,-1,3,volume_refine,0.43808666646533184,0.8244361530000219,8192
sparse,natural,8192,-1,3,volume_size_exchange,0.1694648829300541,0.25000129699998297,8192
sparse,natural,8192,17,1,adjacency_build,9.655086645393718e-05,0.0003119440002592455,8192
sparse,natural,8192,17,1,element_count_allgather,0.012485938942261077,0.030458189000000857,8192
sparse,natural,8192,17,1,face_local_extract,0.17532324318212783,0.20739917599985347,8192
sparse,natural,8192,17,1,face_map_setup,0.008371139965453134,0.01013100599993777,8192
sparse,natural,8192,17,1,face_pipeline_total,0.7360356992512238,0.7588725069999782,8192
sparse,natural,8192,17,1,face_sparse_context,0.07758011469055054,0.24611540299974877,8192
sparse,natural,8192,17,1,face_sparse_deliver,0.08417917580908535,0.09398264600031325,8192
sparse,natural,8192,17,1,face_sparse_directory,0.21510747006176711,0.21822982499998034,8192
sparse,natural,8192,17,1,face_sparse_match,0.17144834675878978,0.26139347099979204,8192
sparse,natural,8192,17,1,face_sparse_total,0.5493038613892831,0.7188323249997666,8192
sparse,natural,8192,17,1,local_volume_mesh,4.644489826403684,7.680054521999864,8192
sparse,natural,8192,17,1,metis_partition,2.9441286168704828,2.9928173289999904,8192
sparse,natural,8192,17,1,metis_seed,0.000301110809448224,2.466699750999851,1
sparse,natural,8192,17,1,part_face_create,0.011407312239866907,0.01565076399992904,8192
sparse,natural,8192,17,1,partition_cost_balance,4.987640258802273e-06,0.04085874900010822,1
sparse,natural,8192,17,1,partition_cost_setup,4.79297144775348e-05,0.3926402209999651,1
sparse,natural,8192,17,1,partition_distribution,2.9436159782928497,2.992635706999863,8192
sparse,natural,8192,17,1,submesh_initialization,0.00021951288659832757,0.01731547999997929,8192
sparse,natural,8192,17,1,surface_refine,0.0043851656804211325,0.007778554000196891,8192
sparse,natural,8192,17,1,vertex_count_allgather,3.1932830669573984,6.1322092609998435,8192
sparse,natural,8192,17,1,vertex_exchange,0.016155903580569342,0.03648537200024293,8192
sparse,natural,8192,17,1,vertex_exchange_prepare,8.001586987227416e-05,0.0005500669999491947,8192
sparse,natural,8192,17,1,vertex_exchange_unpack,0.003045434846560946,0.014428892000069027,8192
sparse,natural,8192,17,1,vertex_numbering_local,0.013314207987790982,0.0282673930000783,8192
sparse,natural,8192,17,1,volume_exchange_pack,0.15948469773632812,0.2987919779998265,8192
sparse,natural,8192,17,1,volume_exchange_unpack,0.18946992234777688,0.43214842100042006,8192
sparse,natural,8192,17,1,volume_payload_exchange,0.018704583252564744,0.03649778199996945,8192
sparse,natural,8192,17,1,volume_payload_prepare,0.0026518393717008815,0.00759572000015396,8192
sparse,natural,8192,17,1,volume_refine,0.4384687629418919,0.7405535119996784,8192
sparse,natural,8192,17,1,volume_size_exchange,0.15051267027074933,0.22844789600003423,8192
sparse,natural,8192,17,2,adjacency_build,9.603749182121937e-05,0.0010510129999943274,8192
sparse,natural,8192,17,2,element_count_allgather,0.011690560483886711,0.03636464099997738,8192
sparse,natural,8192,17,2,face_local_extract,0.17530197526037578,0.22071650999998838,8192
sparse,natural,8192,17,2,face_map_setup,0.008390121981689574,0.031654659999986734,8192
sparse,natural,8192,17,2,face_pipeline_total,0.7609973399560548,0.7987958679999849,8192
sparse,natural,8192,17,2,face_sparse_context,0.0772252033696289,0.25297711700000036,8192
sparse,natural,8192,17,2,face_sparse_deliver,0.08503627730578617,0.1031492070000013,8192
sparse,natural,8192,17,2,face_sparse_directory,0.21319557329724143,0.24563212600000384,8192
sparse,natural,8192,17,2,face_sparse_match,0.19784487008789073,0.2710188240000093,8192
sparse,natural,8192,17,2,face_sparse_total,0.5742615602407228,0.7517696360000059,8192
sparse,natural,8192,17,2,local_volume_mesh,4.6416011261641845,7.741878057000008,8192
sparse,natural,8192,17,2,metis_partition,2.902981891578125,2.9582369259999837,8192
sparse,natural,8192,17,2,metis_seed,0.00029570116467285065,2.4223839409999925,1
sparse,natural,8192,17,2,part_face_create,0.01140992608288579,0.03584878600000252,8192
sparse,natural,8192,17,2,partition_cost_balance,5.000067260743646e-06,0.04096055100001195,1
sparse,natural,8192,17,2,partition_cost_setup,4.818885571289053e-05,0.3947631059999992,1
sparse,natural,8192,17,2,partition_distribution,2.9024761303443603,2.9580487869999956,8192
sparse,natural,8192,17,2,submesh_initialization,0.0002338484252930005,0.023220753000003924,8192
sparse,natural,8192,17,2,surface_refine,0.004380501697265626,0.007215661999993017,8192
sparse,natural,8192,17,2,vertex_count_allgather,3.2018516815596927,6.096887032000012,8192
sparse,natural,8192,17,2,vertex_exchange,0.016424052460083244,0.040431020000028184,8192
sparse,natural,8192,17,2,vertex_exchange_prepare,8.08055750731243e-05,0.0005232849999856626,8192
sparse,natural,8192,17,2,vertex_exchange_unpack,0.003056762088256955,0.012734729999976935,8192
sparse,natural,8192,17,2,vertex_numbering_local,0.013305664159667645,0.049791105999986485,8192
sparse,natural,8192,17,2,volume_exchange_pack,0.1593676548640139,0.29508197600000585,8192
sparse,natural,8192,17,2,volume_exchange_unpack,0.18953765912622056,0.40985061999998607,8192
sparse,natural,8192,17,2,volume_payload_exchange,0.01901270993420421,0.06426410700004226,8192
sparse,natural,8192,17,2,volume_payload_prepare,0.002664756986938549,0.023813270000005105,8192
sparse,natural,8192,17,2,volume_refine,0.43850247752124033,0.7592215660000079,8192
sparse,natural,8192,17,2,volume_size_exchange,0.147497603088379,0.22337364100002333,8192
sparse,natural,8192,17,3,adjacency_build,9.456286743187575e-05,0.00031304399999498855,8192
sparse,natural,8192,17,3,element_count_allgather,0.017842992981933863,0.03731911300002366,8192
sparse,natural,8192,17,3,face_local_extract,0.17539517800646998,0.2329348750000122,8192
sparse,natural,8192,17,3,face_map_setup,0.008369669445434547,0.027238400999976875,8192
sparse,natural,8192,17,3,face_pipeline_total,0.7446904392696533,0.7961933970000246,8192
sparse,natural,8192,17,3,face_sparse_context,0.09306037296020495,0.23324877000004562,8192
sparse,natural,8192,17,3,face_sparse_deliver,0.09105229158801231,0.11196246699995527,8192
sparse,natural,8192,17,3,face_sparse_directory,0.2001722236212162,0.24603960700000016,8192
sparse,natural,8192,17,3,face_sparse_match,0.17262788875695823,0.24492063500002814,8192
sparse,natural,8192,17,3,face_sparse_total,0.557912297909057,0.6988095590000398,8192
sparse,natural,8192,17,3,local_volume_mesh,4.652196818472534,7.7844646030000035,8192
sparse,natural,8192,17,3,metis_partition,2.8931726516345213,2.942283841999995,8192
sparse,natural,8192,17,3,metis_seed,0.0002937874068603477,2.4067064369999684,1
sparse,natural,8192,17,3,part_face_create,0.011393416232177843,0.03347788199999968,8192
sparse,natural,8192,17,3,partition_cost_balance,4.995120849608792e-06,0.04092002999999522,1
sparse,natural,8192,17,3,partition_cost_setup,4.7149987304685725e-05,0.38625269599998546,1
sparse,natural,8192,17,3,partition_distribution,2.892662446935059,2.942098839000039,8192
sparse,natural,8192,17,3,submesh_initialization,0.0002450074577633743,0.032286543999987316,8192
sparse,natural,8192,17,3,surface_refine,0.0043795731879879354,0.01836881600002016,8192
sparse,natural,8192,17,3,vertex_count_allgather,3.130358848332641,6.258747753000023,8192
sparse,natural,8192,17,3,vertex_exchange,0.016211422131591845,0.03992929300000014,8192
sparse,natural,8192,17,3,vertex_exchange_prepare,8.521646350080625e-05,0.0005471470000202316,8192
sparse,natural,8192,17,3,vertex_exchange_unpack,0.0031427919880375813,0.012922754000044279,8192
sparse,natural,8192,17,3,vertex_numbering_local,0.01333151945324662,0.03327040700003181,8192
sparse,natural,8192,17,3,volume_exchange_pack,0.15969993546997077,0.28661421499998596,8192
sparse,natural,8192,17,3,volume_exchange_unpack,0.18938145073254387,0.4318914140000061,8192
sparse,natural,8192,17,3,volume_payload_exchange,0.019175889195434448,0.04235719300004348,8192
sparse,natural,8192,17,3,volume_payload_prepare,0.002603336411865026,0.03161387699998386,8192
sparse,natural,8192,17,3,volume_refine,0.43831233152270516,0.7778060269999969,8192
sparse,natural,8192,17,3,volume_size_exchange,0.14793967151892112,0.22718495099996971,8192
sparse,natural,8192,41,1,adjacency_build,9.687008996456248e-05,0.00032616399994367384,8192
sparse,natural,8192,41,1,element_count_allgather,0.012308079535031935,0.03764927300017007,8192
sparse,natural,8192,41,1,face_local_extract,0.17528020887109397,0.21798962100001518,8192
sparse,natural,8192,41,1,face_map_setup,0.008387802024904578,0.022902257000168902,8192
sparse,natural,8192,41,1,face_pipeline_total,0.7518703325910706,0.782108982000409,8192
sparse,natural,8192,41,1,face_sparse_context,0.10036031923217359,0.27031183899998723,8192
sparse,natural,8192,41,1,face_sparse_deliver,0.08864167278430002,0.09038460400006443,8192
sparse,natural,8192,41,1,face_sparse_directory,0.20470407512109218,0.23358581000002232,8192
sparse,natural,8192,41,1,face_sparse_match,0.17046215032190087,0.23165620700001455,8192
sparse,natural,8192,41,1,face_sparse_total,0.5651659730933839,0.7359910299996955,8192
sparse,natural,8192,41,1,local_volume_mesh,4.649452929304321,7.4921774989998084,8192
sparse,natural,8192,41,1,metis_partition,2.8947139189980495,2.9765951879999193,8192
sparse,natural,8192,41,1,metis_seed,0.0002965502556152577,2.4293396940001912,1
sparse,natural,8192,41,1,part_face_create,0.011408786109498303,0.03653034100034347,8192
sparse,natural,8192,41,1,partition_cost_balance,5.067497070354587e-06,0.04151293600034478,1
sparse,natural,8192,41,1,partition_cost_setup,4.726788171383056e-05,0.38721848699969996,1
sparse,natural,8192,41,1,partition_distribution,2.894206114704591,2.9765085659996657,8192
sparse,natural,8192,41,1,submesh_initialization,0.0002500465655509432,0.024138877000041248,8192
sparse,natural,8192,41,1,surface_refine,0.004376427820314166,0.006431243999941216,8192
sparse,natural,8192,41,1,vertex_count_allgather,3.185677236367189,6.268296773000202,8192
sparse,natural,8192,41,1,vertex_exchange,0.01758021279784855,0.04175271000030989,8192
sparse,natural,8192,41,1,vertex_exchange_prepare,6.71556887226199e-05,0.0005729280001105508,8192
sparse,natural,8192,41,1,vertex_exchange_unpack,0.0030009230531026776,0.013118404000124428,8192
sparse,natural,8192,41,1,vertex_numbering_local,0.013337087899780553,0.04058690100009699,8192
sparse,natural,8192,41,1,volume_exchange_pack,0.15929161006262232,0.29666106000013315,8192
sparse,natural,8192,41,1,volume_exchange_unpack,0.19015762619885357,0.41394569500016587,8192
sparse,natural,8192,41,1,volume_payload_exchange,0.01852406215600455,0.046192614999654324,8192
sparse,natural,8192,41,1,volume_payload_prepare,0.0026271066920128816,0.02042752399984238,8192
sparse,natural,8192,41,1,volume_refine,0.43864892479687523,0.7820551969998633,8192
sparse,natural,8192,41,1,volume_size_exchange,0.1457132897935754,0.23370464199979324,8192
sparse,natural,8192,41,2,adjacency_build,9.799698034661589e-05,0.0003327839999940352,8192
sparse,natural,8192,41,2,element_count_allgather,0.012147071442871082,0.03877051799997844,8192
sparse,natural,8192,41,2,face_local_extract,0.17534125615515128,0.2234184670000019,8192
sparse,natural,8192,41,2,face_map_setup,0.008373977712646486,0.010376053000001662,8192
sparse,natural,8192,41,2,face_pipeline_total,0.7376041098585204,0.7696392850000109,8192
sparse,natural,8192,41,2,face_sparse_context,0.08005075873864743,0.2481769869999937,8192
sparse,natural,8192,41,2,face_sparse_deliver,0.09008023491479492,0.0914003199999911,8192
sparse,natural,8192,41,2,face_sparse_directory,0.21185775171960444,0.24997756899999501,8192
sparse,natural,8192,41,2,face_sparse_match,0.16776217505578617,0.23117887200000098,8192
sparse,natural,8192,41,2,face_sparse_total,0.5508619301016845,0.7202225839999983,8192
sparse,natural,8192,41,2,local_volume_mesh,4.645471990564331,7.9902138879999995,8192
sparse,natural,8192,41,2,metis_partition,2.931811540020386,3.0008317140000003,8192
sparse,natural,8192,41,2,metis_seed,0.0003000505535888671,2.458014134999999,1
sparse,natural,8192,41,2,part_face_create,0.011398471429077125,0.015611454000008962,8192
sparse,natural,8192,41,2,partition_cost_balance,5.00057739257799e-06,0.040964729999998895,1
sparse,natural,8192,41,2,partition_cost_setup,4.835418469238163e-05,0.39611748099999033,1
sparse,natural,8192,41,2,partition_distribution,2.9313012878985596,3.0007282929999946,8192
sparse,natural,8192,41,2,submesh_initialization,0.00023718746423342409,0.022895153999996865,8192
sparse,natural,8192,41,2,surface_refine,0.004381787023681746,0.02664185999999802,8192
sparse,natural,8192,41,2,vertex_count_allgather,3.645925436598755,6.718862788999985,8192
sparse,natural,8192,41,2,vertex_exchange,0.01710454969226069,0.04485025799999676,8192
sparse,natural,8192,41,2,vertex_exchange_prepare,6.202499011226381e-05,0.0005260069999906136,8192
sparse,natural,8192,41,2,vertex_exchange_unpack,0.003090644814819285,0.017559987999987925,8192
sparse,natural,8192,41,2,vertex_numbering_local,0.013341633955322093,0.046045227999996996,8192
sparse,natural,8192,41,2,volume_exchange_pack,0.15944974426245107,0.29129141800001435,8192
sparse,natural,8192,41,2,volume_exchange_unpack,0.19014334773193345,0.4196899700000074,8192
sparse,natural,8192,41,2,volume_payload_exchange,0.019191153920410313,0.04327433299999939,8192
sparse,natural,8192,41,2,volume_payload_prepare,0.0026726681054688207,0.017101324999998724,8192
sparse,natural,8192,41,2,volume_refine,0.43888508643798796,0.7928045669999904,8192
sparse,natural,8192,41,2,volume_size_exchange,0.14145464087414555,0.23467157799998972,8192
sparse,natural,8192,41,3,adjacency_build,9.528640319850928e-05,0.0002948830000377711,8192
sparse,natural,8192,41,3,element_count_allgather,0.0020883186821283803,0.015776804000040556,8192
sparse,natural,8192,41,3,face_local_extract,0.17537574884741156,0.22081349900003033,8192
sparse,natural,8192,41,3,face_map_setup,0.00841066393371561,0.010698105999949803,8192
sparse,natural,8192,41,3,face_pipeline_total,0.7251461013332519,0.7506979349999483,8192
sparse,natural,8192,41,3,face_sparse_context,0.08010099186669963,0.24965310199996793,8192
sparse,natural,8192,41,3,face_sparse_deliver,0.08887361139367661,0.08949453599996104,8192
sparse,natural,8192,41,3,face_sparse_directory,0.20083104849768074,0.22985494199997447,8192
sparse,natural,8192,41,3,face_sparse_match,0.1675176210572515,0.21993640499999856,8192
sparse,natural,8192,41,3,face_sparse_total,0.5383226837469482,0.7088197049999962,8192
sparse,natural,8192,41,3,local_volume_mesh,4.643396327124756,7.513731280999991,8192
sparse,natural,8192,41,3,metis_partition,2.904407292398437,2.966716599999984,8192
sparse,natural,8192,41,3,metis_seed,0.0002989940411376943,2.4493591849999916,1
sparse,natural,8192,41,3,part_face_create,0.011403590223388778,0.01591472600000543,8192
sparse,natural,8192,41,3,partition_cost_balance,4.986492797849629e-06,0.04084934899998416,1
sparse,natural,8192,41,3,partition_cost_setup,4.6802383666992575e-05,0.3834051270000032,1
sparse,natural,8192,41,3,partition_distribution,2.903897556273072,2.966551798000012,8192
sparse,natural,8192,41,3,submesh_initialization,0.0002117838129882671,0.020738991999962764,8192
sparse,natural,8192,41,3,surface_refine,0.004384329460082964,0.007560775999991165,8192
sparse,natural,8192,41,3,vertex_count_allgather,3.216471456373779,6.383782590999999,8192
sparse,natural,8192,41,3,vertex_exchange,0.016249154424316833,0.033067869999968025,8192
sparse,natural,8192,41,3,vertex_exchange_prepare,8.031040478570506e-05,0.0005588469999793233,8192
sparse,natural,8192,41,3,vertex_exchange_unpack,0.003055388313842798,0.012217145000022356,8192
sparse,natural,8192,41,3,vertex_numbering_local,0.013325779897949405,0.036534851999988405,8192
sparse,natural,8192,41,3,volume_exchange_pack,0.15947231791650385,0.29120870299999524,8192
sparse,natural,8192,41,3,volume_exchange_unpack,0.1899652649279789,0.4101588600000241,8192
sparse,natural,8192,41,3,volume_payload_exchange,0.018534333175293086,0.03392972199998212,8192
sparse,natural,8192,41,3,volume_payload_prepare,0.0026561376386716948,0.007516147999979239,8192
sparse,natural,8192,41,3,volume_refine,0.43858792414611814,0.7849979499999904,8192
sparse,natural,8192,41,3,volume_size_exchange,0.1401195015164796,0.2504726720000008,8192
