rank,host,stage,category,time_s,calls,cache_references,cache_misses,cache_miss_rate_percent,instructions,cycles,ipc,minor_faults,major_faults,rchar_bytes,wchar_bytes,physical_read_bytes,physical_write_bytes,voluntary_context_switches,involuntary_context_switches,send_messages,receive_messages,send_bytes,receive_bytes
0,cn2832,geometry_load,io,1.706820594,1,0,0,0,0,0,0,4974,0,1035093,0,0,0,2,7,0,0,0,0
0,cn2832,coarse_local_size,setup,0.453851856,1,0,0,0,0,0,0,10148,0,0,0,0,0,92,43,0,0,0,0
0,cn2832,coarse_edge_mesh,setup,0.012513164,1,0,0,0,0,0,0,489,0,0,0,0,0,0,1,0,0,0,0
0,cn2832,coarse_surface_mesh,setup,8.136914764,1,0,0,0,0,0,0,12465,0,0,0,0,0,0,27,0,0,0,0
0,cn2832,coarse_volume_mesh,setup,13.981660407,1,0,0,0,0,0,0,18955,0,0,0,0,0,86630,2698436,0,0,0,0
0,cn2832,coarse_mesh_save,io,0,0,0,0,0,0,0,0,0,0,0,0,0,0,0,0,0,0,0,0
0,cn2832,submesh_initialization,setup,0.000119420999994,1,0,0,0,0,0,0,1,0,0,0,0,0,0,0,0,0,0,0
0,cn2832,metis_partition,compute,0.117651352,1,0,0,0,0,0,0,115,0,0,0,0,0,0,0,0,0,0,0
0,cn2832,face_map_setup,compute,0.00663555599999,1,0,0,0,0,0,0,3,0,0,0,0,0,0,0,0,0,0,0
0,cn2832,face_local_extract,compute,0.157817573,1,0,0,0,0,0,0,768,0,0,0,0,0,0,1,0,0,0,0
0,cn2832,face_pre_collective_wait,synchronization,0.017037695,1,0,0,0,0,0,0,0,0,0,0,0,0,0,0,0,0,0,0
0,cn2832,face_collective_setup,compute,0.000115520999998,1,0,0,0,0,0,0,16,0,0,0,0,0,0,0,0,0,0,0
0,cn2832,face_allgatherv,communication,0.055939223,1,0,0,0,0,0,0,1144,0,0,0,0,0,0,0,1,1,303600,4859624
0,cn2832,face_global_merge,compute,0.074132052,1,0,0,0,0,0,0,145,0,0,0,0,0,0,0,0,0,0,0
0,cn2832,part_face_create,compute,0.018486513,1,0,0,0,0,0,0,12,0,0,0,0,0,0,0,0,0,0,0
0,cn2832,surface_refine,compute,0.05399478,1,0,0,0,0,0,0,2862,0,0,0,0,0,0,0,0,0,0,0
0,cn2832,refined_surface_save,io,0,0,0,0,0,0,0,0,0,0,0,0,0,0,0,0,0,0,0,0
0,cn2832,local_volume_mesh,compute,44.990785663,1,0,0,0,0,0,0,18589,0,0,0,0,0,109837,4192888,0,0,0,0
0,cn2832,volume_refine,compute,4.137740808,1,0,0,0,0,0,0,15970,0,0,0,0,0,0,12,0,0,0,0
0,cn2832,refined_volume_save,io,0,0,0,0,0,0,0,0,0,0,0,0,0,0,0,0,0,0,0,0
0,cn2832,adjacency_build,compute,0.003179617,1,0,0,0,0,0,0,0,0,0,0,0,0,0,0,0,0,0,0
0,cn2832,vertex_numbering_local,compute,0.040543166,1,0,0,0,0,0,0,2,0,0,0,0,0,0,0,0,0,0,0
0,cn2832,vertex_count_allgather,communication,0.000143240999989,1,0,0,0,0,0,0,17,0,0,0,0,0,0,0,1,1,4,64
0,cn2832,element_count_allgather,communication,0.000206122000009,1,0,0,0,0,0,0,0,0,0,0,0,0,0,0,1,1,4,64
0,cn2832,vertex_exchange_prepare,compute,5.36000001716e-06,1,0,0,0,0,0,0,0,0,0,0,0,0,0,0,0,0,0,0
0,cn2832,vertex_exchange,communication,0.002267566,1,0,0,0,0,0,0,28,0,0,0,0,0,0,0,2,0,291500,0
0,cn2832,vertex_exchange_unpack,compute,9.7999998161e-07,1,0,0,0,0,0,0,0,0,0,0,0,0,0,0,0,0,0,0
0,cn2832,partition_result_io,io,0,0,0,0,0,0,0,0,0,0,0,0,0,0,0,0,0,0,0,0
0,cn2832,volume_exchange_pack,compute,1.018123119,2,0,0,0,0,0,0,1,0,0,0,0,0,0,4,0,0,0,0
0,cn2832,volume_size_exchange,communication,8.22809999761e-05,1,0,0,0,0,0,0,2,0,0,0,0,0,0,0,2,2,8,8
0,cn2832,volume_payload_prepare,compute,0.000238861999975,1,0,0,0,0,0,0,34,0,0,0,0,0,0,0,0,0,0,0
0,cn2832,volume_payload_exchange,communication,0.060959921,1,0,0,0,0,0,0,302,0,0,0,0,0,0,0,2,2,3105720,3113040
0,cn2832,volume_exchange_unpack,compute,0.807776363,1,0,0,0,0,0,0,36630,0,0,0,0,0,0,3,0,0,0,0
0,cn2832,final_mesh_save,io,0,0,0,0,0,0,0,0,0,0,0,0,0,0,0,0,0,0,0,0
0,cn2832,testout_io,io,0,0,0,0,0,0,0,0,0,0,0,0,0,0,0,0,0,0,0,0
0,cn2832,final_count_exchange,communication,0,0,0,0,0,0,0,0,0,0,0,0,0,0,0,0,0,0,0,0
0,cn2832,quality_evaluation,postprocess,0,0,0,0,0,0,0,0,0,0,0,0,0,0,0,0,0,0,0,0
1,cn2833,geometry_load,io,1.768856653,1,0,0,0,0,0,0,5125,0,1035092,0,0,0,2,16,0,0,0,0
1,cn2833,coarse_local_size,setup,0.451139468,1,0,0,0,0,0,0,8552,0,0,0,0,0,145,55,0,0,0,0
1,cn2833,coarse_edge_mesh,setup,0.012240744,1,0,0,0,0,0,0,515,0,0,0,0,0,0,0,0,0,0,0
1,cn2833,coarse_surface_mesh,setup,8.064777381,1,0,0,0,0,0,0,12745,0,0,0,0,0,0,73,0,0,0,0
1,cn2833,coarse_volume_mesh,setup,14.004088972,1,0,0,0,0,0,0,23420,0,0,0,0,0,83113,2695065,0,0,0,0
1,cn2833,coarse_mesh_save,io,0,0,0,0,0,0,0,0,0,0,0,0,0,0,0,0,0,0,0,0
1,cn2833,submesh_initialization,setup,0.000128481999994,1,0,0,0,0,0,0,2,0,0,0,0,0,0,0,0,0,0,0
1,cn2833,metis_partition,compute,0.125005642,1,0,0,0,0,0,0,545,0,0,0,0,0,0,0,0,0,0,0
1,cn2833,face_map_setup,compute,0.007148176,1,0,0,0,0,0,0,225,0,0,0,0,0,0,1,0,0,0,0
1,cn2833,face_local_extract,compute,0.162363564,1,0,0,0,0,0,0,807,0,0,0,0,0,0,1,0,0,0,0
1,cn2833,face_pre_collective_wait,synchronization,0.00466612300001,1,0,0,0,0,0,0,0,0,0,0,0,0,0,0,0,0,0,0
1,cn2833,face_collective_setup,compute,0.000117161000006,1,0,0,0,0,0,0,13,0,0,0,0,0,0,0,0,0,0,0
1,cn2833,face_allgatherv,communication,0.055835031,1,0,0,0,0,0,0,738,0,0,0,0,0,0,1,1,1,303600,4859624
1,cn2833,face_global_merge,compute,0.078096211,1,0,0,0,0,0,0,430,0,0,0,0,0,0,1,0,0,0,0
1,cn2833,part_face_create,compute,0.019516282,1,0,0,0,0,0,0,12,0,0,0,0,0,0,0,0,0,0,0
1,cn2833,surface_refine,compute,0.041239055,1,0,0,0,0,0,0,967,0,0,0,0,0,0,0,0,0,0,0
1,cn2833,refined_surface_save,io,0,0,0,0,0,0,0,0,0,0,0,0,0,0,0,0,0,0,0,0
1,cn2833,local_volume_mesh,compute,37.438073647,1,0,0,0,0,0,0,38043,0,0,0,0,0,103840,4129171,0,0,0,0
1,cn2833,volume_refine,compute,3.567054581,1,0,0,0,0,0,0,17144,0,0,0,0,0,0,31,0,0,0,0
1,cn2833,refined_volume_save,io,0,0,0,0,0,0,0,0,0,0,0,0,0,0,0,0,0,0,0,0
1,cn2833,adjacency_build,compute,0.00354008799999,1,0,0,0,0,0,0,1,0,0,0,0,0,0,0,0,0,0,0
1,cn2833,vertex_numbering_local,compute,0.037406524,1,0,0,0,0,0,0,3,0,0,0,0,0,0,0,0,0,0,0
1,cn2833,vertex_count_allgather,communication,8.133394404,1,0,0,0,0,0,0,16,0,0,0,0,0,0,72,1,1,4,64
1,cn2833,element_count_allgather,communication,0.000605988000018,1,0,0,0,0,0,0,0,0,0,0,0,0,0,0,1,1,4,64
1,cn2833,vertex_exchange_prepare,compute,1.8219999987e-05,1,0,0,0,0,0,0,0,0,0,0,0,0,0,0,0,0,0,0
1,cn2833,vertex_exchange,communication,0.00737604,1,0,0,0,0,0,0,29,0,0,0,0,0,0,0,1,1,131494,162998
1,cn2833,vertex_exchange_unpack,compute,0.002336571,1,0,0,0,0,0,0,0,0,0,0,0,0,0,0,0,0,0,0
1,cn2833,partition_result_io,io,0,0,0,0,0,0,0,0,0,0,0,0,0,0,0,0,0,0,0,0
1,cn2833,volume_exchange_pack,compute,0.924430895,2,0,0,0,0,0,0,428,0,0,0,0,0,0,8,0,0,0,0
1,cn2833,volume_size_exchange,communication,0.091986057,1,0,0,0,0,0,0,1,0,0,0,0,0,0,1,2,2,8,8
1,cn2833,volume_payload_prepare,compute,0.000228682999989,1,0,0,0,0,0,0,34,0,0,0,0,0,0,0,0,0,0,0
1,cn2833,volume_payload_exchange,communication,0.00167078199999,1,0,0,0,0,0,0,310,0,0,0,0,0,0,0,2,2,3148920,3138600
1,cn2833,volume_exchange_unpack,compute,0.6646208,1,0,0,0,0,0,0,30473,0,0,0,0,0,0,7,0,0,0,0
1,cn2833,final_mesh_save,io,0,0,0,0,0,0,0,0,0,0,0,0,0,0,0,0,0,0,0,0
1,cn2833,testout_io,io,0,0,0,0,0,0,0,0,0,0,0,0,0,0,0,0,0,0,0,0
1,cn2833,final_count_exchange,communication,0,0,0,0,0,0,0,0,0,0,0,0,0,0,0,0,0,0,0,0
1,cn2833,quality_evaluation,postprocess,0,0,0,0,0,0,0,0,0,0,0,0,0,0,0,0,0,0,0,0
2,cn2834,geometry_load,io,1.761762312,1,0,0,0,0,0,0,6316,0,1035092,0,0,0,2,8,0,0,0,0
2,cn2834,coarse_local_size,setup,0.498128483,1,0,0,0,0,0,0,8781,0,0,0,0,0,92,42,0,0,0,0
2,cn2834,coarse_edge_mesh,setup,0.012265694,1,0,0,0,0,0,0,529,0,0,0,0,0,0,0,0,0,0,0
2,cn2834,coarse_surface_mesh,setup,8.049417295,1,0,0,0,0,0,0,11706,0,0,0,0,0,0,19,0,0,0,0
2,cn2834,coarse_volume_mesh,setup,14.051322825,1,0,0,0,0,0,0,18025,0,0,0,0,0,84587,2848029,0,0,0,0
2,cn2834,coarse_mesh_save,io,0,0,0,0,0,0,0,0,0,0,0,0,0,0,0,0,0,0,0,0
2,cn2834,submesh_initialization,setup,0.000122902000001,1,0,0,0,0,0,0,1,0,0,0,0,0,0,0,0,0,0,0
2,cn2834,metis_partition,compute,0.115944058,1,0,0,0,0,0,0,56,0,0,0,0,0,0,0,0,0,0,0
2,cn2834,face_map_setup,compute,0.006856427,1,0,0,0,0,0,0,3,0,0,0,0,0,0,0,0,0,0,0
2,cn2834,face_local_extract,compute,0.151229862,1,0,0,0,0,0,0,24,0,0,0,0,0,0,0,0,0,0,0
2,cn2834,face_pre_collective_wait,synchronization,0.025124696,1,0,0,0,0,0,0,0,0,0,0,0,0,0,0,0,0,0,0
2,cn2834,face_collective_setup,compute,0.000113982000002,1,0,0,0,0,0,0,15,0,0,0,0,0,0,0,0,0,0,0
2,cn2834,face_allgatherv,communication,0.055714601,1,0,0,0,0,0,0,42,0,0,0,0,0,0,0,1,1,303600,4859624
2,cn2834,face_global_merge,compute,0.073211501,1,0,0,0,0,0,0,0,0,0,0,0,0,0,0,0,0,0,0
2,cn2834,part_face_create,compute,0.018108928,1,0,0,0,0,0,0,3,0,0,0,0,0,0,0,0,0,0,0
2,cn2834,surface_refine,compute,0.034515794,1,0,0,0,0,0,0,963,0,0,0,0,0,0,0,0,0,0,0
2,cn2834,refined_surface_save,io,0,0,0,0,0,0,0,0,0,0,0,0,0,0,0,0,0,0,0,0
2,cn2834,local_volume_mesh,compute,29.134217901,1,0,0,0,0,0,0,18031,0,0,0,0,0,84141,3338637,0,0,0,0
2,cn2834,volume_refine,compute,3.113411529,1,0,0,0,0,0,0,16769,0,0,0,0,0,0,8,0,0,0,0
2,cn2834,refined_volume_save,io,0,0,0,0,0,0,0,0,0,0,0,0,0,0,0,0,0,0,0,0
2,cn2834,adjacency_build,compute,0.003433863,1,0,0,0,0,0,0,9,0,0,0,0,0,0,0,0,0,0,0
2,cn2834,vertex_numbering_local,compute,0.038872489,1,0,0,0,0,0,0,1367,0,0,0,0,0,0,1,0,0,0,0
2,cn2834,vertex_count_allgather,communication,16.90359517,1,0,0,0,0,0,0,52,0,0,0,0,0,0,35,1,1,4,64
2,cn2834,element_count_allgather,communication,0.000310044000003,1,0,0,0,0,0,0,3,0,0,0,0,0,0,0,1,1,4,64
2,cn2834,vertex_exchange_prepare,compute,1.40610000017e-05,1,0,0,0,0,0,0,3,0,0,0,0,0,0,0,0,0,0,0
2,cn2834,vertex_exchange,communication,0.003104939,1,0,0,0,0,0,0,176,0,0,0,0,0,0,0,3,1,379390,1034
2,cn2834,vertex_exchange_unpack,compute,5.92209999866e-05,1,0,0,0,0,0,0,22,0,0,0,0,0,0,0,0,0,0,0
2,cn2834,partition_result_io,io,0,0,0,0,0,0,0,0,0,0,0,0,0,0,0,0,0,0,0,0
2,cn2834,volume_exchange_pack,compute,0.876897966,2,0,0,0,0,0,0,2599,0,0,0,0,0,0,2,0,0,0,0
2,cn2834,volume_size_exchange,communication,0.081183041,1,0,0,0,0,0,0,2,0,0,0,0,0,0,0,3,3,12,12
2,cn2834,volume_payload_prepare,compute,0.000337584000022,1,0,0,0,0,0,0,34,0,0,0,0,0,0,0,0,0,0,0
2,cn2834,volume_payload_exchange,communication,0.098231095,1,0,0,0,0,0,0,176,0,0,0,0,0,0,1,3,3,4060440,4075320
2,cn2834,volume_exchange_unpack,compute,0.650336118,1,0,0,0,0,0,0,26428,0,0,0,0,0,0,1,0,0,0,0
2,cn2834,final_mesh_save,io,0,0,0,0,0,0,0,0,0,0,0,0,0,0,0,0,0,0,0,0
2,cn2834,testout_io,io,0,0,0,0,0,0,0,0,0,0,0,0,0,0,0,0,0,0,0,0
2,cn2834,final_count_exchange,communication,0,0,0,0,0,0,0,0,0,0,0,0,0,0,0,0,0,0,0,0
2,cn2834,quality_evaluation,postprocess,0,0,0,0,0,0,0,0,0,0,0,0,0,0,0,0,0,0,0,0
3,cn2835,geometry_load,io,1.717969906,1,0,0,0,0,0,0,4975,0,1035092,0,0,0,2,3,0,0,0,0
3,cn2835,coarse_local_size,setup,0.454538967,1,0,0,0,0,0,0,10156,0,0,0,0,0,125,57,0,0,0,0
3,cn2835,coarse_edge_mesh,setup,0.012528777,1,0,0,0,0,0,0,498,0,0,0,0,0,0,0,0,0,0,0
3,cn2835,coarse_surface_mesh,setup,8.038535523,1,0,0,0,0,0,0,10466,0,0,0,0,0,0,8,0,0,0,0
3,cn2835,coarse_volume_mesh,setup,13.766180214,1,0,0,0,0,0,0,16401,0,0,0,0,0,84211,2635006,0,0,0,0
3,cn2835,coarse_mesh_save,io,0,0,0,0,0,0,0,0,0,0,0,0,0,0,0,0,0,0,0,0
3,cn2835,submesh_initialization,setup,0.000117121999992,1,0,0,0,0,0,0,1,0,0,0,0,0,0,0,0,0,0,0
3,cn2835,metis_partition,compute,0.117176845,1,0,0,0,0,0,0,57,0,0,0,0,0,0,0,0,0,0,0
3,cn2835,face_map_setup,compute,0.00668619300001,1,0,0,0,0,0,0,3,0,0,0,0,0,0,0,0,0,0,0
3,cn2835,face_local_extract,compute,0.152922077,1,0,0,0,0,0,0,25,0,0,0,0,0,0,0,0,0,0,0
3,cn2835,face_pre_collective_wait,synchronization,0.022410066,1,0,0,0,0,0,0,0,0,0,0,0,0,0,0,0,0,0,0
3,cn2835,face_collective_setup,compute,0.000114601000007,1,0,0,0,0,0,0,15,0,0,0,0,0,0,0,0,0,0,0
3,cn2835,face_allgatherv,communication,0.05556007,1,0,0,0,0,0,0,119,0,0,0,0,0,0,0,1,1,303600,4859624
3,cn2835,face_global_merge,compute,0.073261384,1,0,0,0,0,0,0,0,0,0,0,0,0,0,0,0,0,0,0
3,cn2835,part_face_create,compute,0.017831916,1,0,0,0,0,0,0,3,0,0,0,0,0,0,0,0,0,0,0
3,cn2835,surface_refine,compute,0.031393845,1,0,0,0,0,0,0,963,0,0,0,0,0,0,1,0,0,0,0
3,cn2835,refined_surface_save,io,0,0,0,0,0,0,0,0,0,0,0,0,0,0,0,0,0,0,0,0
3,cn2835,local_volume_mesh,compute,29.03933554,1,0,0,0,0,0,0,16023,0,0,0,0,0,89100,3601051,0,0,0,0
3,cn2835,volume_refine,compute,2.825381674,1,0,0,0,0,0,0,13862,0,0,0,0,0,0,2,0,0,0,0
3,cn2835,refined_volume_save,io,0,0,0,0,0,0,0,0,0,0,0,0,0,0,0,0,0,0,0,0
3,cn2835,adjacency_build,compute,0.00330015599999,1,0,0,0,0,0,0,0,0,0,0,0,0,0,0,0,0,0,0
3,cn2835,vertex_numbering_local,compute,0.033250564,1,0,0,0,0,0,0,1090,0,0,0,0,0,0,0,0,0,0,0
3,cn2835,vertex_count_allgather,communication,17.295914295,1,0,0,0,0,0,0,35,0,0,0,0,0,0,18,1,1,4,64
3,cn2835,element_count_allgather,communication,0.000545405999986,1,0,0,0,0,0,0,2,0,0,0,0,0,0,0,1,1,4,64
3,cn2835,vertex_exchange_prepare,compute,0.000201361999984,1,0,0,0,0,0,0,59,0,0,0,0,0,0,0,0,0,0,0
3,cn2835,vertex_exchange,communication,0.00457614999999,1,0,0,0,0,0,0,101,0,0,0,0,0,0,0,0,2,0,369116
3,cn2835,vertex_exchange_unpack,compute,0.00677355400001,1,0,0,0,0,0,0,1574,0,0,0,0,0,0,0,0,0,0,0
3,cn2835,partition_result_io,io,0,0,0,0,0,0,0,0,0,0,0,0,0,0,0,0,0,0,0,0
3,cn2835,volume_exchange_pack,compute,0.783470514,2,0,0,0,0,0,0,2821,0,0,0,0,0,0,1,0,0,0,0
3,cn2835,volume_size_exchange,communication,0.13765567,1,0,0,0,0,0,0,2,0,0,0,0,0,0,0,2,2,8,8
3,cn2835,volume_payload_prepare,compute,0.000586426000012,1,0,0,0,0,0,0,2,0,0,0,0,0,0,0,0,0,0,0
3,cn2835,volume_payload_exchange,communication,0.093077682,1,0,0,0,0,0,0,93,0,0,0,0,0,0,0,2,2,3948600,3945960
3,cn2835,volume_exchange_unpack,compute,0.571685871,1,0,0,0,0,0,0,23415,0,0,0,0,0,0,0,0,0,0,0
3,cn2835,final_mesh_save,io,0,0,0,0,0,0,0,0,0,0,0,0,0,0,0,0,0,0,0,0
3,cn2835,testout_io,io,0,0,0,0,0,0,0,0,0,0,0,0,0,0,0,0,0,0,0,0
3,cn2835,final_count_exchange,communication,0,0,0,0,0,0,0,0,0,0,0,0,0,0,0,0,0,0,0,0
3,cn2835,quality_evaluation,postprocess,0,0,0,0,0,0,0,0,0,0,0,0,0,0,0,0,0,0,0,0
4,cn2836,geometry_load,io,1.742010368,1,0,0,0,0,0,0,6286,0,1035092,0,0,0,2,2,0,0,0,0
4,cn2836,coarse_local_size,setup,0.450809677,1,0,0,0,0,0,0,8876,0,0,0,0,0,106,58,0,0,0,0
4,cn2836,coarse_edge_mesh,setup,0.012574365,1,0,0,0,0,0,0,493,0,0,0,0,0,0,0,0,0,0,0
4,cn2836,coarse_surface_mesh,setup,8.190226599,1,0,0,0,0,0,0,17704,0,0,0,0,0,0,9,0,0,0,0
4,cn2836,coarse_volume_mesh,setup,14.243573965,1,0,0,0,0,0,0,26362,0,0,0,0,0,88234,2828999,0,0,0,0
4,cn2836,coarse_mesh_save,io,0,0,0,0,0,0,0,0,0,0,0,0,0,0,0,0,0,0,0,0
4,cn2836,submesh_initialization,setup,0.000126941999994,1,0,0,0,0,0,0,3,0,0,0,0,0,0,0,0,0,0,0
4,cn2836,metis_partition,compute,0.125476241,1,0,0,0,0,0,0,265,0,0,0,0,0,0,1,0,0,0,0
4,cn2836,face_map_setup,compute,0.00749061800001,1,0,0,0,0,0,0,231,0,0,0,0,0,0,0,0,0,0,0
4,cn2836,face_local_extract,compute,0.160205316,1,0,0,0,0,0,0,771,0,0,0,0,0,0,0,0,0,0,0
4,cn2836,face_pre_collective_wait,synchronization,0.005950438,1,0,0,0,0,0,0,0,0,0,0,0,0,0,0,0,0,0,0
4,cn2836,face_collective_setup,compute,0.000118201999996,1,0,0,0,0,0,0,16,0,0,0,0,0,0,0,0,0,0,0
4,cn2836,face_allgatherv,communication,0.056812383,1,0,0,0,0,0,0,1212,0,0,0,0,0,0,0,1,1,303600,4859624
4,cn2836,face_global_merge,compute,0.079265337,1,0,0,0,0,0,0,530,0,0,0,0,0,0,0,0,0,0,0
4,cn2836,part_face_create,compute,0.019724518,1,0,0,0,0,0,0,12,0,0,0,0,0,0,0,0,0,0,0
4,cn2836,surface_refine,compute,0.04058297,1,0,0,0,0,0,0,976,0,0,0,0,0,0,0,0,0,0,0
4,cn2836,refined_surface_save,io,0,0,0,0,0,0,0,0,0,0,0,0,0,0,0,0,0,0,0,0
4,cn2836,local_volume_mesh,compute,41.723789464,1,0,0,0,0,0,0,41040,0,0,0,0,0,112060,4072977,0,0,0,0
4,cn2836,volume_refine,compute,3.908046803,1,0,0,0,0,0,0,15780,0,0,0,0,0,5,4,0,0,0,0
4,cn2836,refined_volume_save,io,0,0,0,0,0,0,0,0,0,0,0,0,0,0,0,0,0,0,0,0
4,cn2836,adjacency_build,compute,0.003163962,1,0,0,0,0,0,0,0,0,0,0,0,0,0,0,0,0,0,0
4,cn2836,vertex_numbering_local,compute,0.037211946,1,0,0,0,0,0,0,1104,0,0,0,0,0,0,0,0,0,0,0
4,cn2836,vertex_count_allgather,communication,3.505474736,1,0,0,0,0,0,0,16,0,0,0,0,0,0,3,1,1,4,64
4,cn2836,element_count_allgather,communication,0.000294464000007,1,0,0,0,0,0,0,0,0,0,0,0,0,0,0,1,1,4,64
4,cn2836,vertex_exchange_prepare,compute,7.30000002136e-06,1,0,0,0,0,0,0,0,0,0,0,0,0,0,0,0,0,0,0
4,cn2836,vertex_exchange,communication,0.002426012,1,0,0,0,0,0,0,32,0,0,0,0,0,0,0,3,1,269434,44
4,cn2836,vertex_exchange_unpack,compute,6.720000016e-06,1,0,0,0,0,0,0,0,0,0,0,0,0,0,0,0,0,0,0
4,cn2836,partition_result_io,io,0,0,0,0,0,0,0,0,0,0,0,0,0,0,0,0,0,0,0,0
4,cn2836,volume_exchange_pack,compute,0.975277337,2,0,0,0,0,0,0,1185,0,0,0,0,0,0,1,0,0,0,0
4,cn2836,volume_size_exchange,communication,0.081383604,1,0,0,0,0,0,0,3,0,0,0,0,0,0,0,3,3,12,12
4,cn2836,volume_payload_prepare,compute,0.000246842999985,1,0,0,0,0,0,0,34,0,0,0,0,0,0,0,0,0,0,0
4,cn2836,volume_payload_exchange,communication,0.001975926,1,0,0,0,0,0,0,206,0,0,0,0,0,0,0,3,3,2819280,2814600
4,cn2836,volume_exchange_unpack,compute,0.897854885,1,0,0,0,0,0,0,33579,0,0,0,0,0,0,1,0,0,0,0
4,cn2836,final_mesh_save,io,0,0,0,0,0,0,0,0,0,0,0,0,0,0,0,0,0,0,0,0
4,cn2836,testout_io,io,0,0,0,0,0,0,0,0,0,0,0,0,0,0,0,0,0,0,0,0
4,cn2836,final_count_exchange,communication,0,0,0,0,0,0,0,0,0,0,0,0,0,0,0,0,0,0,0,0
4,cn2836,quality_evaluation,postprocess,0,0,0,0,0,0,0,0,0,0,0,0,0,0,0,0,0,0,0,0
5,cn2837,geometry_load,io,1.721865217,1,0,0,0,0,0,0,4974,0,1035092,0,0,0,2,16,0,0,0,0
5,cn2837,coarse_local_size,setup,0.459927158,1,0,0,0,0,0,0,10044,0,0,0,0,0,115,47,0,0,0,0
5,cn2837,coarse_edge_mesh,setup,0.012521068,1,0,0,0,0,0,0,525,0,0,0,0,0,0,0,0,0,0,0
5,cn2837,coarse_surface_mesh,setup,8.172982665,1,0,0,0,0,0,0,14682,0,0,0,0,0,0,72,0,0,0,0
5,cn2837,coarse_volume_mesh,setup,14.133481274,1,0,0,0,0,0,0,25863,0,0,0,0,0,81577,2950198,0,0,0,0
5,cn2837,coarse_mesh_save,io,0,0,0,0,0,0,0,0,0,0,0,0,0,0,0,0,0,0,0,0
5,cn2837,submesh_initialization,setup,0.000128981000003,1,0,0,0,0,0,0,2,0,0,0,0,0,0,0,0,0,0,0
5,cn2837,metis_partition,compute,0.124622954,1,0,0,0,0,0,0,270,0,0,0,0,0,0,0,0,0,0,0
5,cn2837,face_map_setup,compute,0.00742928800001,1,0,0,0,0,0,0,236,0,0,0,0,0,0,1,0,0,0,0
5,cn2837,face_local_extract,compute,0.159159922,1,0,0,0,0,0,0,817,0,0,0,0,0,0,1,0,0,0,0
5,cn2837,face_pre_collective_wait,synchronization,0.00795541400001,1,0,0,0,0,0,0,0,0,0,0,0,0,0,0,0,0,0,0
5,cn2837,face_collective_setup,compute,0.000114721999992,1,0,0,0,0,0,0,16,0,0,0,0,0,0,0,0,0,0,0
5,cn2837,face_allgatherv,communication,0.056869052,1,0,0,0,0,0,0,1145,0,0,0,0,0,0,0,1,1,303600,4859624
5,cn2837,face_global_merge,compute,0.078740951,1,0,0,0,0,0,0,523,0,0,0,0,0,0,1,0,0,0,0
5,cn2837,part_face_create,compute,0.02025404,1,0,0,0,0,0,0,18,0,0,0,0,0,0,0,0,0,0,0
5,cn2837,surface_refine,compute,0.056832552,1,0,0,0,0,0,0,2861,0,0,0,0,0,0,0,0,0,0,0
5,cn2837,refined_surface_save,io,0,0,0,0,0,0,0,0,0,0,0,0,0,0,0,0,0,0,0,0
5,cn2837,local_volume_mesh,compute,36.708170484,1,0,0,0,0,0,0,39594,0,0,0,0,0,97644,3593441,0,0,0,0
5,cn2837,volume_refine,compute,3.940849811,1,0,0,0,0,0,0,20243,0,0,0,0,0,0,33,0,0,0,0
5,cn2837,refined_volume_save,io,0,0,0,0,0,0,0,0,0,0,0,0,0,0,0,0,0,0,0,0
5,cn2837,adjacency_build,compute,0.003332,1,0,0,0,0,0,0,1,0,0,0,0,0,0,0,0,0,0,0
5,cn2837,vertex_numbering_local,compute,0.040688201,1,0,0,0,0,0,0,2,0,0,0,0,0,0,1,0,0,0,0
5,cn2837,vertex_count_allgather,communication,8.468263116,1,0,0,0,0,0,0,17,0,0,0,0,0,0,74,1,1,4,64
5,cn2837,element_count_allgather,communication,3.92610000119e-05,1,0,0,0,0,0,0,0,0,0,0,0,0,0,0,1,1,4,64
5,cn2837,vertex_exchange_prepare,compute,1.92009999864e-05,1,0,0,0,0,0,0,0,0,0,0,0,0,0,0,0,0,0,0
5,cn2837,vertex_exchange,communication,0.00334063899999,1,0,0,0,0,0,0,32,0,0,0,0,0,0,0,1,1,171622,160534
5,cn2837,vertex_exchange_unpack,compute,0.002293987,1,0,0,0,0,0,0,0,0,0,0,0,0,0,0,0,0,0,0
5,cn2837,partition_result_io,io,0,0,0,0,0,0,0,0,0,0,0,0,0,0,0,0,0,0,0,0
5,cn2837,volume_exchange_pack,compute,1.053939501,2,0,0,0,0,0,0,2143,0,0,0,0,0,0,10,0,0,0,0
5,cn2837,volume_size_exchange,communication,4.68009999963e-05,1,0,0,0,0,0,0,12,0,0,0,0,0,0,0,2,2,8,8
5,cn2837,volume_payload_prepare,compute,0.000408944999975,1,0,0,0,0,0,0,183,0,0,0,0,0,0,0,0,0,0,0
5,cn2837,volume_payload_exchange,communication,0.003758124,1,0,0,0,0,0,0,454,0,0,0,0,0,0,0,2,2,3509160,3516480
5,cn2837,volume_exchange_unpack,compute,0.720705121,1,0,0,0,0,0,0,32238,0,0,0,0,0,0,5,0,0,0,0
5,cn2837,final_mesh_save,io,0,0,0,0,0,0,0,0,0,0,0,0,0,0,0,0,0,0,0,0
5,cn2837,testout_io,io,0,0,0,0,0,0,0,0,0,0,0,0,0,0,0,0,0,0,0,0
5,cn2837,final_count_exchange,communication,0,0,0,0,0,0,0,0,0,0,0,0,0,0,0,0,0,0,0,0
5,cn2837,quality_evaluation,postprocess,0,0,0,0,0,0,0,0,0,0,0,0,0,0,0,0,0,0,0,0
6,cn2838,geometry_load,io,1.735460748,1,0,0,0,0,0,0,4976,0,1035092,0,0,0,2,15,0,0,0,0
6,cn2838,coarse_local_size,setup,0.454882967,1,0,0,0,0,0,0,10069,0,0,0,0,0,98,41,0,0,0,0
6,cn2838,coarse_edge_mesh,setup,0.012587716,1,0,0,0,0,0,0,536,0,0,0,0,0,0,0,0,0,0,0
6,cn2838,coarse_surface_mesh,setup,8.221702088,1,0,0,0,0,0,0,15493,0,0,0,0,0,0,70,0,0,0,0
6,cn2838,coarse_volume_mesh,setup,14.329179241,1,0,0,0,0,0,0,25724,0,0,0,0,0,87202,2813681,0,0,0,0
6,cn2838,coarse_mesh_save,io,0,0,0,0,0,0,0,0,0,0,0,0,0,0,0,0,0,0,0,0
6,cn2838,submesh_initialization,setup,0.000124120999999,1,0,0,0,0,0,0,2,0,0,0,0,0,0,0,0,0,0,0
6,cn2838,metis_partition,compute,0.124856285,1,0,0,0,0,0,0,297,0,0,0,0,0,0,1,0,0,0,0
6,cn2838,face_map_setup,compute,0.007183728,1,0,0,0,0,0,0,221,0,0,0,0,0,0,0,0,0,0,0
6,cn2838,face_local_extract,compute,0.159621695,1,0,0,0,0,0,0,734,0,0,0,0,0,0,2,0,0,0,0
6,cn2838,face_pre_collective_wait,synchronization,0.00750169300001,1,0,0,0,0,0,0,0,0,0,0,0,0,0,0,0,0,0,0
6,cn2838,face_collective_setup,compute,0.000117021999998,1,0,0,0,0,0,0,16,0,0,0,0,0,0,0,0,0,0,0
6,cn2838,face_allgatherv,communication,0.056864863,1,0,0,0,0,0,0,1145,0,0,0,0,0,0,1,1,1,303600,4859624
6,cn2838,face_global_merge,compute,0.078953617,1,0,0,0,0,0,0,538,0,0,0,0,0,0,1,0,0,0,0
6,cn2838,part_face_create,compute,0.019968467,1,0,0,0,0,0,0,12,0,0,0,0,0,0,0,0,0,0,0
6,cn2838,surface_refine,compute,0.042701948,1,0,0,0,0,0,0,970,0,0,0,0,0,0,0,0,0,0,0
6,cn2838,refined_surface_save,io,0,0,0,0,0,0,0,0,0,0,0,0,0,0,0,0,0,0,0,0
6,cn2838,local_volume_mesh,compute,36.597814377,1,0,0,0,0,0,0,39330,0,0,0,0,0,101634,3787205,0,0,0,0
6,cn2838,volume_refine,compute,3.635174509,1,0,0,0,0,0,0,18655,0,0,0,0,0,0,32,0,0,0,0
6,cn2838,refined_volume_save,io,0,0,0,0,0,0,0,0,0,0,0,0,0,0,0,0,0,0,0,0
6,cn2838,adjacency_build,compute,0.00343644199998,1,0,0,0,0,0,0,0,0,0,0,0,0,0,0,0,0,0,0
6,cn2838,vertex_numbering_local,compute,0.041585435,1,0,0,0,0,0,0,2,0,0,0,0,0,0,0,0,0,0,0
6,cn2838,vertex_count_allgather,communication,8.897590549,1,0,0,0,0,0,0,16,0,0,0,0,0,0,78,1,1,4,64
6,cn2838,element_count_allgather,communication,0.000433406000013,1,0,0,0,0,0,0,0,0,0,0,0,0,0,0,1,1,4,64
6,cn2838,vertex_exchange_prepare,compute,2.67799999847e-05,1,0,0,0,0,0,0,0,0,0,0,0,0,0,0,0,0,0,0
6,cn2838,vertex_exchange,communication,0.00400091,1,0,0,0,0,0,0,32,0,0,0,0,0,0,0,2,2,169268,249634
6,cn2838,vertex_exchange_unpack,compute,0.00354790399999,1,0,0,0,0,0,0,0,0,0,0,0,0,0,0,0,0,0,0
6,cn2838,partition_result_io,io,0,0,0,0,0,0,0,0,0,0,0,0,0,0,0,0,0,0,0,0
6,cn2838,volume_exchange_pack,compute,0.95638407,2,0,0,0,0,0,0,1436,0,0,0,0,0,0,8,0,0,0,0
6,cn2838,volume_size_exchange,communication,0.095925327,1,0,0,0,0,0,0,16,0,0,0,0,0,0,1,3,3,12,12
6,cn2838,volume_payload_prepare,compute,0.000518986000003,1,0,0,0,0,0,0,274,0,0,0,0,0,0,0,0,0,0,0
6,cn2838,volume_payload_exchange,communication,0.003657605,1,0,0,0,0,0,0,1901,0,0,0,0,0,0,0,3,3,4483680,4477560
6,cn2838,volume_exchange_unpack,compute,0.726913592,1,0,0,0,0,0,0,31230,0,0,0,0,0,0,6,0,0,0,0
6,cn2838,final_mesh_save,io,0,0,0,0,0,0,0,0,0,0,0,0,0,0,0,0,0,0,0,0
6,cn2838,testout_io,io,0,0,0,0,0,0,0,0,0,0,0,0,0,0,0,0,0,0,0,0
6,cn2838,final_count_exchange,communication,0,0,0,0,0,0,0,0,0,0,0,0,0,0,0,0,0,0,0,0
6,cn2838,quality_evaluation,postprocess,0,0,0,0,0,0,0,0,0,0,0,0,0,0,0,0,0,0,0,0
7,cn2839,geometry_load,io,1.754606037,1,0,0,0,0,0,0,6297,0,1035092,0,0,0,2,17,0,0,0,0
7,cn2839,coarse_local_size,setup,0.459543452,1,0,0,0,0,0,0,8767,0,0,0,0,0,128,53,0,0,0,0
7,cn2839,coarse_edge_mesh,setup,0.012606858,1,0,0,0,0,0,0,512,0,0,0,0,0,0,0,0,0,0,0
7,cn2839,coarse_surface_mesh,setup,8.201244083,1,0,0,0,0,0,0,17421,0,0,0,0,0,0,70,0,0,0,0
7,cn2839,coarse_volume_mesh,setup,14.136767511,1,0,0,0,0,0,0,22181,0,0,0,0,0,85698,2725893,0,0,0,0
7,cn2839,coarse_mesh_save,io,0,0,0,0,0,0,0,0,0,0,0,0,0,0,0,0,0,0,0,0
7,cn2839,submesh_initialization,setup,0.000149241000003,1,0,0,0,0,0,0,30,0,0,0,0,0,0,0,0,0,0,0
7,cn2839,metis_partition,compute,0.126237385,1,0,0,0,0,0,0,1419,0,0,0,0,0,0,1,0,0,0,0
7,cn2839,face_map_setup,compute,0.007885839,1,0,0,0,0,0,0,763,0,0,0,0,0,0,0,0,0,0,0
7,cn2839,face_local_extract,compute,0.164976412,1,0,0,0,0,0,0,973,0,0,0,0,0,0,2,0,0,0,0
7,cn2839,face_pre_collective_wait,synchronization,3.35009999901e-05,1,0,0,0,0,0,0,0,0,0,0,0,0,0,0,0,0,0,0
7,cn2839,face_collective_setup,compute,0.000113021000004,1,0,0,0,0,0,0,16,0,0,0,0,0,0,0,0,0,0,0
7,cn2839,face_allgatherv,communication,0.056787734,1,0,0,0,0,0,0,774,0,0,0,0,0,0,0,1,1,303600,4859624
7,cn2839,face_global_merge,compute,0.077643075,1,0,0,0,0,0,0,567,0,0,0,0,0,0,1,0,0,0,0
7,cn2839,part_face_create,compute,0.019483924,1,0,0,0,0,0,0,17,0,0,0,0,0,0,0,0,0,0,0
7,cn2839,surface_refine,compute,0.040220105,1,0,0,0,0,0,0,979,0,0,0,0,0,0,0,0,0,0,0
7,cn2839,refined_surface_save,io,0,0,0,0,0,0,0,0,0,0,0,0,0,0,0,0,0,0,0,0
7,cn2839,local_volume_mesh,compute,37.987324521,1,0,0,0,0,0,0,45100,0,0,0,0,0,100211,4121152,0,0,0,0
7,cn2839,volume_refine,compute,3.656567125,1,0,0,0,0,0,0,14575,0,0,0,0,0,0,34,0,0,0,0
7,cn2839,refined_volume_save,io,0,0,0,0,0,0,0,0,0,0,0,0,0,0,0,0,0,0,0,0
7,cn2839,adjacency_build,compute,0.00338460200001,1,0,0,0,0,0,0,3,0,0,0,0,0,0,0,0,0,0,0
7,cn2839,vertex_numbering_local,compute,0.034499174,1,0,0,0,0,0,0,11,0,0,0,0,0,0,0,0,0,0,0
7,cn2839,vertex_count_allgather,communication,7.498213654,1,0,0,0,0,0,0,28,0,0,0,0,0,0,69,1,1,4,64
7,cn2839,element_count_allgather,communication,0.000482425999991,1,0,0,0,0,0,0,0,0,0,0,0,0,0,0,1,1,4,64
7,cn2839,vertex_exchange_prepare,compute,2.57400000123e-05,1,0,0,0,0,0,0,0,0,0,0,0,0,0,0,0,0,0,0
7,cn2839,vertex_exchange,communication,0.00588665399999,1,0,0,0,0,0,0,21,0,0,0,0,0,0,0,0,2,0,231990
7,cn2839,vertex_exchange_unpack,compute,0.003327622,1,0,0,0,0,0,0,0,0,0,0,0,0,0,0,0,0,0,0
7,cn2839,partition_result_io,io,0,0,0,0,0,0,0,0,0,0,0,0,0,0,0,0,0,0,0,0
7,cn2839,volume_exchange_pack,compute,0.883483596,2,0,0,0,0,0,0,442,0,0,0,0,0,0,7,0,0,0,0
7,cn2839,volume_size_exchange,communication,0.071227675,1,0,0,0,0,0,0,2,0,0,0,0,0,0,1,2,2,8,8
7,cn2839,volume_payload_prepare,compute,0.000164001999991,1,0,0,0,0,0,0,34,0,0,0,0,0,0,0,0,0,0,0
7,cn2839,volume_payload_exchange,communication,0.099623831,1,0,0,0,0,0,0,411,0,0,0,0,0,0,1,2,2,2488320,2480880
7,cn2839,volume_exchange_unpack,compute,0.667836987,1,0,0,0,0,0,0,30759,0,0,0,0,0,0,5,0,0,0,0
7,cn2839,final_mesh_save,io,0,0,0,0,0,0,0,0,0,0,0,0,0,0,0,0,0,0,0,0
7,cn2839,testout_io,io,0,0,0,0,0,0,0,0,0,0,0,0,0,0,0,0,0,0,0,0
7,cn2839,final_count_exchange,communication,0,0,0,0,0,0,0,0,0,0,0,0,0,0,0,0,0,0,0,0
7,cn2839,quality_evaluation,postprocess,0,0,0,0,0,0,0,0,0,0,0,0,0,0,0,0,0,0,0,0
8,cn2840,geometry_load,io,1.741500195,1,0,0,0,0,0,0,6286,0,1035092,0,0,0,2,5,0,0,0,0
8,cn2840,coarse_local_size,setup,0.4521573,1,0,0,0,0,0,0,8608,0,0,0,0,0,117,96,0,0,0,0
8,cn2840,coarse_edge_mesh,setup,0.012674376,1,0,0,0,0,0,0,506,0,0,0,0,0,0,0,0,0,0,0
8,cn2840,coarse_surface_mesh,setup,8.207309046,1,0,0,0,0,0,0,15673,0,0,0,0,0,0,20,0,0,0,0
8,cn2840,coarse_volume_mesh,setup,13.99435283,1,0,0,0,0,0,0,25762,0,0,0,0,0,85385,2716070,0,0,0,0
8,cn2840,coarse_mesh_save,io,0,0,0,0,0,0,0,0,0,0,0,0,0,0,0,0,0,0,0,0
8,cn2840,submesh_initialization,setup,0.000124522000007,1,0,0,0,0,0,0,1,0,0,0,0,0,0,0,0,0,0,0
8,cn2840,metis_partition,compute,0.124598212,1,0,0,0,0,0,0,311,0,0,0,0,0,0,0,0,0,0,0
8,cn2840,face_map_setup,compute,0.00732833000001,1,0,0,0,0,0,0,210,0,0,0,0,0,0,0,0,0,0,0
8,cn2840,face_local_extract,compute,0.164602684,1,0,0,0,0,0,0,797,0,0,0,0,0,0,0,0,0,0,0
8,cn2840,face_pre_collective_wait,synchronization,0.002595171,1,0,0,0,0,0,0,0,0,0,0,0,0,0,0,0,0,0,0
8,cn2840,face_collective_setup,compute,0.000120561000003,1,0,0,0,0,0,0,16,0,0,0,0,0,0,0,0,0,0,0
8,cn2840,face_allgatherv,communication,0.056701018,1,0,0,0,0,0,0,906,0,0,0,0,0,0,0,1,1,303600,4859624
8,cn2840,face_global_merge,compute,0.078442605,1,0,0,0,0,0,0,474,0,0,0,0,0,0,0,0,0,0,0
8,cn2840,part_face_create,compute,0.019571461,1,0,0,0,0,0,0,13,0,0,0,0,0,0,0,0,0,0,0
8,cn2840,surface_refine,compute,0.039147422,1,0,0,0,0,0,0,971,0,0,0,0,0,0,0,0,0,0,0
8,cn2840,refined_surface_save,io,0,0,0,0,0,0,0,0,0,0,0,0,0,0,0,0,0,0,0,0
8,cn2840,local_volume_mesh,compute,37.150419204,1,0,0,0,0,0,0,36029,0,0,0,0,0,103660,3913392,0,0,0,0
8,cn2840,volume_refine,compute,3.567322388,1,0,0,0,0,0,0,17024,0,0,0,0,0,0,10,0,0,0,0
8,cn2840,refined_volume_save,io,0,0,0,0,0,0,0,0,0,0,0,0,0,0,0,0,0,0,0,0
8,cn2840,adjacency_build,compute,0.00363058399998,1,0,0,0,0,0,0,5,0,0,0,0,0,0,0,0,0,0,0
8,cn2840,vertex_numbering_local,compute,0.039612387,1,0,0,0,0,0,0,5,0,0,0,0,0,0,0,0,0,0,0
8,cn2840,vertex_count_allgather,communication,8.419104691,1,0,0,0,0,0,0,28,0,0,0,0,0,0,20,1,1,4,64
8,cn2840,element_count_allgather,communication,0.000542166999992,1,0,0,0,0,0,0,0,0,0,0,0,0,0,0,1,1,4,64
8,cn2840,vertex_exchange_prepare,compute,1.72400000054e-05,1,0,0,0,0,0,0,0,0,0,0,0,0,0,0,0,0,0,0
8,cn2840,vertex_exchange,communication,0.00837452300001,1,0,0,0,0,0,0,93,0,0,0,0,0,0,0,1,1,264550,128502
8,cn2840,vertex_exchange_unpack,compute,0.00187942400001,1,0,0,0,0,0,0,0,0,0,0,0,0,0,0,0,0,0,0
8,cn2840,partition_result_io,io,0,0,0,0,0,0,0,0,0,0,0,0,0,0,0,0,0,0,0,0
8,cn2840,volume_exchange_pack,compute,0.954383936,2,0,0,0,0,0,0,662,0,0,0,0,0,0,2,0,0,0,0
8,cn2840,volume_size_exchange,communication,0.121245551,1,0,0,0,0,0,0,3,0,0,0,0,0,0,0,2,2,8,8
8,cn2840,volume_payload_prepare,compute,0.000212843000014,1,0,0,0,0,0,0,34,0,0,0,0,0,0,0,0,0,0,0
8,cn2840,volume_payload_exchange,communication,0.043497435,1,0,0,0,0,0,0,149,0,0,0,0,0,0,0,2,2,4199040,4201800
8,cn2840,volume_exchange_unpack,compute,0.701196703,1,0,0,0,0,0,0,34647,0,0,0,0,0,0,3,0,0,0,0
8,cn2840,final_mesh_save,io,0,0,0,0,0,0,0,0,0,0,0,0,0,0,0,0,0,0,0,0
8,cn2840,testout_io,io,0,0,0,0,0,0,0,0,0,0,0,0,0,0,0,0,0,0,0,0
8,cn2840,final_count_exchange,communication,0,0,0,0,0,0,0,0,0,0,0,0,0,0,0,0,0,0,0,0
8,cn2840,quality_evaluation,postprocess,0,0,0,0,0,0,0,0,0,0,0,0,0,0,0,0,0,0,0,0
9,cn2841,geometry_load,io,1.722410408,1,0,0,0,0,0,0,4973,0,1035092,0,0,0,2,17,0,0,0,0
9,cn2841,coarse_local_size,setup,0.455308916,1,0,0,0,0,0,0,10047,0,0,0,0,0,101,53,0,0,0,0
9,cn2841,coarse_edge_mesh,setup,0.012517834,1,0,0,0,0,0,0,517,0,0,0,0,0,0,0,0,0,0,0
9,cn2841,coarse_surface_mesh,setup,8.207509007,1,0,0,0,0,0,0,16296,0,0,0,0,0,0,72,0,0,0,0
9,cn2841,coarse_volume_mesh,setup,13.889628957,1,0,0,0,0,0,0,20367,0,0,0,0,0,81786,2848965,0,0,0,0
9,cn2841,coarse_mesh_save,io,0,0,0,0,0,0,0,0,0,0,0,0,0,0,0,0,0,0,0,0
9,cn2841,submesh_initialization,setup,0.000122521000009,1,0,0,0,0,0,0,1,0,0,0,0,0,0,0,0,0,0,0
9,cn2841,metis_partition,compute,0.124072185,1,0,0,0,0,0,0,187,0,0,0,0,0,0,1,0,0,0,0
9,cn2841,face_map_setup,compute,0.00732193,1,0,0,0,0,0,0,218,0,0,0,0,0,0,0,0,0,0,0
9,cn2841,face_local_extract,compute,0.157752438,1,0,0,0,0,0,0,682,0,0,0,0,0,0,2,0,0,0,0
9,cn2841,face_pre_collective_wait,synchronization,0.010017403,1,0,0,0,0,0,0,0,0,0,0,0,0,0,0,0,0,0,0
9,cn2841,face_collective_setup,compute,0.000113242000012,1,0,0,0,0,0,0,15,0,0,0,0,0,0,0,0,0,0,0
9,cn2841,face_allgatherv,communication,0.056492954,1,0,0,0,0,0,0,804,0,0,0,0,0,0,1,1,1,303600,4859624
9,cn2841,face_global_merge,compute,0.076811304,1,0,0,0,0,0,0,112,0,0,0,0,0,0,0,0,0,0,0
9,cn2841,part_face_create,compute,0.019691742,1,0,0,0,0,0,0,3,0,0,0,0,0,0,0,0,0,0,0
9,cn2841,surface_refine,compute,0.041581771,1,0,0,0,0,0,0,965,0,0,0,0,0,0,1,0,0,0,0
9,cn2841,refined_surface_save,io,0,0,0,0,0,0,0,0,0,0,0,0,0,0,0,0,0,0,0,0
9,cn2841,local_volume_mesh,compute,38.832136748,1,0,0,0,0,0,0,30266,0,0,0,0,0,109881,4148735,0,0,0,0
9,cn2841,volume_refine,compute,3.572480144,1,0,0,0,0,0,0,15876,0,0,0,0,0,0,32,0,0,0,0
9,cn2841,refined_volume_save,io,0,0,0,0,0,0,0,0,0,0,0,0,0,0,0,0,0,0,0,0
9,cn2841,adjacency_build,compute,0.00353118300001,1,0,0,0,0,0,0,0,0,0,0,0,0,0,0,0,0,0,0
9,cn2841,vertex_numbering_local,compute,0.047390023,1,0,0,0,0,0,0,2,0,0,0,0,0,0,0,0,0,0,0
9,cn2841,vertex_count_allgather,communication,6.723890233,1,0,0,0,0,0,0,31,0,0,0,0,0,0,57,1,1,4,64
9,cn2841,element_count_allgather,communication,0.00041068500002,1,0,0,0,0,0,0,6,0,0,0,0,0,0,0,1,1,4,64
9,cn2841,vertex_exchange_prepare,compute,7.4681000001e-05,1,0,0,0,0,0,0,27,0,0,0,0,0,0,0,0,0,0,0
9,cn2841,vertex_exchange,communication,0.005014321,1,0,0,0,0,0,0,66,0,0,0,0,0,0,0,2,1,318076,264550
9,cn2841,vertex_exchange_unpack,compute,0.00454563599999,1,0,0,0,0,0,0,791,0,0,0,0,0,0,0,0,0,0,0
9,cn2841,partition_result_io,io,0,0,0,0,0,0,0,0,0,0,0,0,0,0,0,0,0,0,0,0
9,cn2841,volume_exchange_pack,compute,1.075916442,2,0,0,0,0,0,0,2016,0,0,0,0,0,0,9,0,0,0,0
9,cn2841,volume_size_exchange,communication,0.040231015,1,0,0,0,0,0,0,1,0,0,0,0,0,0,1,3,3,12,12
9,cn2841,volume_payload_prepare,compute,0.000768708999999,1,0,0,0,0,0,0,66,0,0,0,0,0,0,0,0,0,0,0
9,cn2841,volume_payload_exchange,communication,0.002754713,1,0,0,0,0,0,0,559,0,0,0,0,0,0,0,3,3,6208800,6215520
9,cn2841,volume_exchange_unpack,compute,0.813550998,1,0,0,0,0,0,0,31657,0,0,0,0,0,0,7,0,0,0,0
9,cn2841,final_mesh_save,io,0,0,0,0,0,0,0,0,0,0,0,0,0,0,0,0,0,0,0,0
9,cn2841,testout_io,io,0,0,0,0,0,0,0,0,0,0,0,0,0,0,0,0,0,0,0,0
9,cn2841,final_count_exchange,communication,0,0,0,0,0,0,0,0,0,0,0,0,0,0,0,0,0,0,0,0
9,cn2841,quality_evaluation,postprocess,0,0,0,0,0,0,0,0,0,0,0,0,0,0,0,0,0,0,0,0
10,cn2842,geometry_load,io,1.722628613,1,0,0,0,0,0,0,4974,0,1035092,0,0,0,2,4,0,0,0,0
10,cn2842,coarse_local_size,setup,0.457227418,1,0,0,0,0,0,0,10026,0,0,0,0,0,152,123,0,0,0,0
10,cn2842,coarse_edge_mesh,setup,0.012486498,1,0,0,0,0,0,0,534,0,0,0,0,0,0,0,0,0,0,0
10,cn2842,coarse_surface_mesh,setup,8.179169706,1,0,0,0,0,0,0,14513,0,0,0,0,0,0,16,0,0,0,0
10,cn2842,coarse_volume_mesh,setup,14.130875272,1,0,0,0,0,0,0,21779,0,0,0,0,0,84727,2660220,0,0,0,0
10,cn2842,coarse_mesh_save,io,0,0,0,0,0,0,0,0,0,0,0,0,0,0,0,0,0,0,0,0
10,cn2842,submesh_initialization,setup,0.000120640999995,1,0,0,0,0,0,0,1,0,0,0,0,0,0,0,0,0,0,0
10,cn2842,metis_partition,compute,0.11615807,1,0,0,0,0,0,0,112,0,0,0,0,0,0,0,0,0,0,0
10,cn2842,face_map_setup,compute,0.006790415,1,0,0,0,0,0,0,64,0,0,0,0,0,0,0,0,0,0,0
10,cn2842,face_local_extract,compute,0.155810711,1,0,0,0,0,0,0,803,0,0,0,0,0,0,0,0,0,0,0
10,cn2842,face_pre_collective_wait,synchronization,0.020389467,1,0,0,0,0,0,0,0,0,0,0,0,0,0,0,0,0,0,0
10,cn2842,face_collective_setup,compute,0.000116781000003,1,0,0,0,0,0,0,14,0,0,0,0,0,0,0,0,0,0,0
10,cn2842,face_allgatherv,communication,0.056445127,1,0,0,0,0,0,0,1143,0,0,0,0,0,0,0,1,1,303600,4859624
10,cn2842,face_global_merge,compute,0.075429318,1,0,0,0,0,0,0,312,0,0,0,0,0,0,0,0,0,0,0
10,cn2842,part_face_create,compute,0.018691768,1,0,0,0,0,0,0,12,0,0,0,0,0,0,0,0,0,0,0
10,cn2842,surface_refine,compute,0.040562391,1,0,0,0,0,0,0,971,0,0,0,0,0,0,0,0,0,0,0
10,cn2842,refined_surface_save,io,0,0,0,0,0,0,0,0,0,0,0,0,0,0,0,0,0,0,0,0
10,cn2842,local_volume_mesh,compute,41.047203692,1,0,0,0,0,0,0,26501,0,0,0,0,0,112547,3938117,0,0,0,0
10,cn2842,volume_refine,compute,3.671212696,1,0,0,0,0,0,0,10897,0,0,0,0,0,0,8,0,0,0,0
10,cn2842,refined_volume_save,io,0,0,0,0,0,0,0,0,0,0,0,0,0,0,0,0,0,0,0,0
10,cn2842,adjacency_build,compute,0.003351458,1,0,0,0,0,0,0,0,0,0,0,0,0,0,0,0,0,0,0
10,cn2842,vertex_numbering_local,compute,0.041688163,1,0,0,0,0,0,0,363,0,0,0,0,0,0,0,0,0,0,0
10,cn2842,vertex_count_allgather,communication,4.419546188,1,0,0,0,0,0,0,16,0,0,0,0,0,0,8,1,1,4,64
10,cn2842,element_count_allgather,communication,0.000136660999999,1,0,0,0,0,0,0,0,0,0,0,0,0,0,0,1,1,4,64
10,cn2842,vertex_exchange_prepare,compute,7.12409999721e-05,1,0,0,0,0,0,0,7,0,0,0,0,0,0,0,0,0,0,0
10,cn2842,vertex_exchange,communication,0.00453485099999,1,0,0,0,0,0,0,73,0,0,0,0,0,0,0,2,2,183216,149468
10,cn2842,vertex_exchange_unpack,compute,0.00209700299999,1,0,0,0,0,0,0,0,0,0,0,0,0,0,0,0,0,0,0
10,cn2842,partition_result_io,io,0,0,0,0,0,0,0,0,0,0,0,0,0,0,0,0,0,0,0,0
10,cn2842,volume_exchange_pack,compute,1.118474543,2,0,0,0,0,0,0,1525,0,0,0,0,0,0,2,0,0,0,0
10,cn2842,volume_size_exchange,communication,4.05810000075e-05,1,0,0,0,0,0,0,1,0,0,0,0,0,0,0,3,3,12,12
10,cn2842,volume_payload_prepare,compute,0.000312022999992,1,0,0,0,0,0,0,68,0,0,0,0,0,0,0,0,0,0,0
10,cn2842,volume_payload_exchange,communication,0.00287241199999,1,0,0,0,0,0,0,411,0,0,0,0,0,0,0,3,3,3535200,3529800
10,cn2842,volume_exchange_unpack,compute,0.749080341,1,0,0,0,0,0,0,33694,0,0,0,0,0,0,2,0,0,0,0
10,cn2842,final_mesh_save,io,0,0,0,0,0,0,0,0,0,0,0,0,0,0,0,0,0,0,0,0
10,cn2842,testout_io,io,0,0,0,0,0,0,0,0,0,0,0,0,0,0,0,0,0,0,0,0
10,cn2842,final_count_exchange,communication,0,0,0,0,0,0,0,0,0,0,0,0,0,0,0,0,0,0,0,0
10,cn2842,quality_evaluation,postprocess,0,0,0,0,0,0,0,0,0,0,0,0,0,0,0,0,0,0,0,0
11,cn2843,geometry_load,io,1.728984377,1,0,0,0,0,0,0,5658,0,1035092,0,0,0,2,15,0,0,0,0
11,cn2843,coarse_local_size,setup,0.509635296,1,0,0,0,0,0,0,9311,0,0,0,0,0,133,76,0,0,0,0
11,cn2843,coarse_edge_mesh,setup,0.012135852,1,0,0,0,0,0,0,514,0,0,0,0,0,0,0,0,0,0,0
11,cn2843,coarse_surface_mesh,setup,8.00060138,1,0,0,0,0,0,0,11466,0,0,0,0,0,0,73,0,0,0,0
11,cn2843,coarse_volume_mesh,setup,13.843410083,1,0,0,0,0,0,0,19607,0,0,0,0,0,81904,2692461,0,0,0,0
11,cn2843,coarse_mesh_save,io,0,0,0,0,0,0,0,0,0,0,0,0,0,0,0,0,0,0,0,0
11,cn2843,submesh_initialization,setup,0.000120381000002,1,0,0,0,0,0,0,1,0,0,0,0,0,0,0,0,0,0,0
11,cn2843,metis_partition,compute,0.116211879,1,0,0,0,0,0,0,54,0,0,0,0,0,0,0,0,0,0,0
11,cn2843,face_map_setup,compute,0.006785705,1,0,0,0,0,0,0,3,0,0,0,0,0,0,1,0,0,0,0
11,cn2843,face_local_extract,compute,0.153524847,1,0,0,0,0,0,0,24,0,0,0,0,0,0,2,0,0,0,0
11,cn2843,face_pre_collective_wait,synchronization,0.022678665,1,0,0,0,0,0,0,0,0,0,0,0,0,0,0,0,0,0,0
11,cn2843,face_collective_setup,compute,0.000115160999997,1,0,0,0,0,0,0,13,0,0,0,0,0,0,0,0,0,0,0
11,cn2843,face_allgatherv,communication,0.056356408,1,0,0,0,0,0,0,105,0,0,0,0,0,0,0,1,1,303600,4859624
11,cn2843,face_global_merge,compute,0.072971996,1,0,0,0,0,0,0,0,0,0,0,0,0,0,1,0,0,0,0
11,cn2843,part_face_create,compute,0.018252709,1,0,0,0,0,0,0,3,0,0,0,0,0,0,0,0,0,0,0
11,cn2843,surface_refine,compute,0.038154559,1,0,0,0,0,0,0,963,0,0,0,0,0,0,0,0,0,0,0
11,cn2843,refined_surface_save,io,0,0,0,0,0,0,0,0,0,0,0,0,0,0,0,0,0,0,0,0
11,cn2843,local_volume_mesh,compute,38.845416996,1,0,0,0,0,0,0,31345,0,0,0,0,0,102593,4001299,0,0,0,0
11,cn2843,volume_refine,compute,3.65123182,1,0,0,0,0,0,0,17815,0,0,0,0,0,0,32,0,0,0,0
11,cn2843,refined_volume_save,io,0,0,0,0,0,0,0,0,0,0,0,0,0,0,0,0,0,0,0,0
11,cn2843,adjacency_build,compute,0.00317566000001,1,0,0,0,0,0,0,0,0,0,0,0,0,0,0,0,0,0,0
11,cn2843,vertex_numbering_local,compute,0.037357549,1,0,0,0,0,0,0,2,0,0,0,0,0,0,1,0,0,0,0
11,cn2843,vertex_count_allgather,communication,6.651422369,1,0,0,0,0,0,0,16,0,0,0,0,0,0,62,1,1,4,64
11,cn2843,element_count_allgather,communication,0.000411404999994,1,0,0,0,0,0,0,0,0,0,0,0,0,0,0,1,1,4,64
11,cn2843,vertex_exchange_prepare,compute,2.73199999867e-05,1,0,0,0,0,0,0,0,0,0,0,0,0,0,0,0,0,0,0
11,cn2843,vertex_exchange,communication,0.00290675700001,1,0,0,0,0,0,0,29,0,0,0,0,0,0,0,2,2,82764,222486
11,cn2843,vertex_exchange_unpack,compute,0.00317337999999,1,0,0,0,0,0,0,0,0,0,0,0,0,0,0,0,0,0,0
11,cn2843,partition_result_io,io,0,0,0,0,0,0,0,0,0,0,0,0,0,0,0,0,0,0,0,0
11,cn2843,volume_exchange_pack,compute,0.871342674,2,0,0,0,0,0,0,820,0,0,0,0,0,0,8,0,0,0,0
11,cn2843,volume_size_exchange,communication,0.248287875,1,0,0,0,0,0,0,0,0,0,0,0,0,0,1,3,3,12,12
11,cn2843,volume_payload_prepare,compute,0.000326304999987,1,0,0,0,0,0,0,68,0,0,0,0,0,0,0,0,0,0,0
11,cn2843,volume_payload_exchange,communication,0.00318988000001,1,0,0,0,0,0,0,281,0,0,0,0,0,0,1,3,3,3237240,3217440
11,cn2843,volume_exchange_unpack,compute,0.685933608,1,0,0,0,0,0,0,31655,0,0,0,0,0,0,6,0,0,0,0
11,cn2843,final_mesh_save,io,0,0,0,0,0,0,0,0,0,0,0,0,0,0,0,0,0,0,0,0
11,cn2843,testout_io,io,0,0,0,0,0,0,0,0,0,0,0,0,0,0,0,0,0,0,0,0
11,cn2843,final_count_exchange,communication,0,0,0,0,0,0,0,0,0,0,0,0,0,0,0,0,0,0,0,0
11,cn2843,quality_evaluation,postprocess,0,0,0,0,0,0,0,0,0,0,0,0,0,0,0,0,0,0,0,0
12,cn2844,geometry_load,io,1.740908093,1,0,0,0,0,0,0,6279,0,1035092,0,0,0,2,2,0,0,0,0
12,cn2844,coarse_local_size,setup,0.451130534,1,0,0,0,0,0,0,8813,0,0,0,0,0,102,58,0,0,0,0
12,cn2844,coarse_edge_mesh,setup,0.012757321,1,0,0,0,0,0,0,515,0,0,0,0,0,0,0,0,0,0,0
12,cn2844,coarse_surface_mesh,setup,8.103142792,1,0,0,0,0,0,0,12298,0,0,0,0,0,0,8,0,0,0,0
12,cn2844,coarse_volume_mesh,setup,13.893166169,1,0,0,0,0,0,0,17382,0,0,0,0,0,87739,2698916,0,0,0,0
12,cn2844,coarse_mesh_save,io,0,0,0,0,0,0,0,0,0,0,0,0,0,0,0,0,0,0,0,0
12,cn2844,submesh_initialization,setup,0.000124420999995,1,0,0,0,0,0,0,1,0,0,0,0,0,0,0,0,0,0,0
12,cn2844,metis_partition,compute,0.116167366,1,0,0,0,0,0,0,56,0,0,0,0,0,0,0,0,0,0,0
12,cn2844,face_map_setup,compute,0.006696605,1,0,0,0,0,0,0,3,0,0,0,0,0,0,0,0,0,0,0
12,cn2844,face_local_extract,compute,0.153536538,1,0,0,0,0,0,0,24,0,0,0,0,0,0,0,0,0,0,0
12,cn2844,face_pre_collective_wait,synchronization,0.022752987,1,0,0,0,0,0,0,0,0,0,0,0,0,0,0,0,0,0,0
12,cn2844,face_collective_setup,compute,0.000120642000013,1,0,0,0,0,0,0,15,0,0,0,0,0,0,0,0,0,0,0
12,cn2844,face_allgatherv,communication,0.056322571,1,0,0,0,0,0,0,36,0,0,0,0,0,0,0,1,1,303600,4859624
12,cn2844,face_global_merge,compute,0.072494475,1,0,0,0,0,0,0,0,0,0,0,0,0,0,0,0,0,0,0
12,cn2844,part_face_create,compute,0.017824525,1,0,0,0,0,0,0,3,0,0,0,0,0,0,0,0,0,0,0
12,cn2844,surface_refine,compute,0.031781281,1,0,0,0,0,0,0,943,0,0,0,0,0,0,0,0,0,0,0
12,cn2844,refined_surface_save,io,0,0,0,0,0,0,0,0,0,0,0,0,0,0,0,0,0,0,0,0
12,cn2844,local_volume_mesh,compute,28.743472259,1,0,0,0,0,0,0,16533,0,0,0,0,0,84908,3230825,0,0,0,0
12,cn2844,volume_refine,compute,2.937534015,1,0,0,0,0,0,0,15537,0,0,0,0,0,0,3,0,0,0,0
12,cn2844,refined_volume_save,io,0,0,0,0,0,0,0,0,0,0,0,0,0,0,0,0,0,0,0,0
12,cn2844,adjacency_build,compute,0.00337540300001,1,0,0,0,0,0,0,8,0,0,0,0,0,0,0,0,0,0,0
12,cn2844,vertex_numbering_local,compute,0.035087003,1,0,0,0,0,0,0,1268,0,0,0,0,0,0,0,0,0,0,0
12,cn2844,vertex_count_allgather,communication,17.477506489,1,0,0,0,0,0,0,34,0,0,0,0,0,0,18,1,1,4,64
12,cn2844,element_count_allgather,communication,0.000441085000006,1,0,0,0,0,0,0,0,0,0,0,0,0,0,0,1,1,4,64
12,cn2844,vertex_exchange_prepare,compute,9.72000000843e-06,1,0,0,0,0,0,0,3,0,0,0,0,0,0,0,0,0,0,0
12,cn2844,vertex_exchange,communication,0.00288089700001,1,0,0,0,0,0,0,156,0,0,0,0,0,0,0,2,0,352572,0
12,cn2844,vertex_exchange_unpack,compute,1.55999998697e-06,1,0,0,0,0,0,0,0,0,0,0,0,0,0,0,0,0,0,0
12,cn2844,partition_result_io,io,0,0,0,0,0,0,0,0,0,0,0,0,0,0,0,0,0,0,0,0
12,cn2844,volume_exchange_pack,compute,0.822341799,2,0,0,0,0,0,0,2707,0,0,0,0,0,0,1,0,0,0,0
12,cn2844,volume_size_exchange,communication,0.272482759,1,0,0,0,0,0,0,3,0,0,0,0,0,0,0,2,2,8,8
12,cn2844,volume_payload_prepare,compute,0.000266804000006,1,0,0,0,0,0,0,0,0,0,0,0,0,0,0,0,0,0,0
12,cn2844,volume_payload_exchange,communication,0.029064167,1,0,0,0,0,0,0,14,0,0,0,0,0,0,0,2,2,3749040,3746400
12,cn2844,volume_exchange_unpack,compute,0.582885637,1,0,0,0,0,0,0,25055,0,0,0,0,0,0,1,0,0,0,0
12,cn2844,final_mesh_save,io,0,0,0,0,0,0,0,0,0,0,0,0,0,0,0,0,0,0,0,0
12,cn2844,testout_io,io,0,0,0,0,0,0,0,0,0,0,0,0,0,0,0,0,0,0,0,0
12,cn2844,final_count_exchange,communication,0,0,0,0,0,0,0,0,0,0,0,0,0,0,0,0,0,0,0,0
12,cn2844,quality_evaluation,postprocess,0,0,0,0,0,0,0,0,0,0,0,0,0,0,0,0,0,0,0,0
13,cn2845,geometry_load,io,1.7166995,1,0,0,0,0,0,0,4975,0,1035092,0,0,0,2,3,0,0,0,0
13,cn2845,coarse_local_size,setup,0.452345008,1,0,0,0,0,0,0,9808,0,0,0,0,0,133,119,0,0,0,0
13,cn2845,coarse_edge_mesh,setup,0.012559689,1,0,0,0,0,0,0,527,0,0,0,0,0,0,0,0,0,0,0
13,cn2845,coarse_surface_mesh,setup,8.248844176,1,0,0,0,0,0,0,14187,0,0,0,0,0,0,9,0,0,0,0
13,cn2845,coarse_volume_mesh,setup,14.043326363,1,0,0,0,0,0,0,20998,0,0,0,0,0,83034,2758724,0,0,0,0
13,cn2845,coarse_mesh_save,io,0,0,0,0,0,0,0,0,0,0,0,0,0,0,0,0,0,0,0,0
13,cn2845,submesh_initialization,setup,0.000119201999993,1,0,0,0,0,0,0,1,0,0,0,0,0,0,0,0,0,0,0
13,cn2845,metis_partition,compute,0.116410167,1,0,0,0,0,0,0,58,0,0,0,0,0,0,0,0,0,0,0
13,cn2845,face_map_setup,compute,0.00739185099999,1,0,0,0,0,0,0,480,0,0,0,0,0,0,0,0,0,0,0
13,cn2845,face_local_extract,compute,0.161439702,1,0,0,0,0,0,0,550,0,0,0,0,0,0,0,0,0,0,0
13,cn2845,face_pre_collective_wait,synchronization,0.013961009,1,0,0,0,0,0,0,0,0,0,0,0,0,0,0,0,0,0,0
13,cn2845,face_collective_setup,compute,0.000114302,1,0,0,0,0,0,0,12,0,0,0,0,0,0,0,0,0,0,0
13,cn2845,face_allgatherv,communication,0.056222864,1,0,0,0,0,0,0,697,0,0,0,0,0,0,0,1,1,303600,4859624
13,cn2845,face_global_merge,compute,0.074104832,1,0,0,0,0,0,0,82,0,0,0,0,0,0,0,0,0,0,0
13,cn2845,part_face_create,compute,0.018412536,1,0,0,0,0,0,0,13,0,0,0,0,0,0,0,0,0,0,0
13,cn2845,surface_refine,compute,0.039916079,1,0,0,0,0,0,0,965,0,0,0,0,0,0,0,0,0,0,0
13,cn2845,refined_surface_save,io,0,0,0,0,0,0,0,0,0,0,0,0,0,0,0,0,0,0,0,0
13,cn2845,local_volume_mesh,compute,39.362701826,1,0,0,0,0,0,0,16867,0,0,0,0,0,99056,3796865,0,0,0,0
13,cn2845,volume_refine,compute,3.674640239,1,0,0,0,0,0,0,10926,0,0,0,0,0,0,4,0,0,0,0
13,cn2845,refined_volume_save,io,0,0,0,0,0,0,0,0,0,0,0,0,0,0,0,0,0,0,0,0
13,cn2845,adjacency_build,compute,0.003244669,1,0,0,0,0,0,0,0,0,0,0,0,0,0,0,0,0,0,0
13,cn2845,vertex_numbering_local,compute,0.043970359,1,0,0,0,0,0,0,387,0,0,0,0,0,0,0,0,0,0,0
13,cn2845,vertex_count_allgather,communication,6.101148489,1,0,0,0,0,0,0,16,0,0,0,0,0,0,7,1,1,4,64
13,cn2845,element_count_allgather,communication,0.00017322299999,1,0,0,0,0,0,0,0,0,0,0,0,0,0,0,1,1,4,64
13,cn2845,vertex_exchange_prepare,compute,0.000222003000005,1,0,0,0,0,0,0,61,0,0,0,0,0,0,0,0,0,0,0
13,cn2845,vertex_exchange,communication,0.002939204,1,0,0,0,0,0,0,60,0,0,0,0,0,0,0,0,3,0,346940
13,cn2845,vertex_exchange_unpack,compute,0.00496027400001,1,0,0,0,0,0,0,0,0,0,0,0,0,0,0,0,0,0,0
13,cn2845,partition_result_io,io,0,0,0,0,0,0,0,0,0,0,0,0,0,0,0,0,0,0,0,0
13,cn2845,volume_exchange_pack,compute,1.089829554,2,0,0,0,0,0,0,1562,0,0,0,0,0,0,1,0,0,0,0
13,cn2845,volume_size_exchange,communication,0.027162767,1,0,0,0,0,0,0,3,0,0,0,0,0,0,0,3,3,12,12
13,cn2845,volume_payload_prepare,compute,0.000292424999998,1,0,0,0,0,0,0,68,0,0,0,0,0,0,0,0,0,0,0
13,cn2845,volume_payload_exchange,communication,0.002239734,1,0,0,0,0,0,0,499,0,0,0,0,0,0,0,3,3,3684840,3699960
13,cn2845,volume_exchange_unpack,compute,0.749503666,1,0,0,0,0,0,0,33253,0,0,0,0,0,0,0,0,0,0,0
13,cn2845,final_mesh_save,io,0,0,0,0,0,0,0,0,0,0,0,0,0,0,0,0,0,0,0,0
13,cn2845,testout_io,io,0,0,0,0,0,0,0,0,0,0,0,0,0,0,0,0,0,0,0,0
13,cn2845,final_count_exchange,communication,0,0,0,0,0,0,0,0,0,0,0,0,0,0,0,0,0,0,0,0
13,cn2845,quality_evaluation,postprocess,0,0,0,0,0,0,0,0,0,0,0,0,0,0,0,0,0,0,0,0
14,cn2846,geometry_load,io,1.74236458,1,0,0,0,0,0,0,6278,0,1035092,0,0,0,2,2,0,0,0,0
14,cn2846,coarse_local_size,setup,0.45322683,1,0,0,0,0,0,0,8729,0,0,0,0,0,88,42,0,0,0,0
14,cn2846,coarse_edge_mesh,setup,0.012432268,1,0,0,0,0,0,0,494,0,0,0,0,0,0,0,0,0,0,0
14,cn2846,coarse_surface_mesh,setup,8.082603098,1,0,0,0,0,0,0,9733,0,0,0,0,0,0,9,0,0,0,0
14,cn2846,coarse_volume_mesh,setup,13.854616139,1,0,0,0,0,0,0,20748,0,0,0,0,0,85178,2576959,0,0,0,0
14,cn2846,coarse_mesh_save,io,0,0,0,0,0,0,0,0,0,0,0,0,0,0,0,0,0,0,0,0
14,cn2846,submesh_initialization,setup,0.000111860999993,1,0,0,0,0,0,0,1,0,0,0,0,0,0,0,0,0,0,0
14,cn2846,metis_partition,compute,0.116444605,1,0,0,0,0,0,0,55,0,0,0,0,0,0,0,0,0,0,0
14,cn2846,face_map_setup,compute,0.006637559,1,0,0,0,0,0,0,3,0,0,0,0,0,0,0,0,0,0,0
14,cn2846,face_local_extract,compute,0.153773169,1,0,0,0,0,0,0,24,0,0,0,0,0,0,0,0,0,0,0
14,cn2846,face_pre_collective_wait,synchronization,0.022340246,1,0,0,0,0,0,0,0,0,0,0,0,0,0,0,0,0,0,0
14,cn2846,face_collective_setup,compute,0.000109901000002,1,0,0,0,0,0,0,13,0,0,0,0,0,0,0,0,0,0,0
14,cn2846,face_allgatherv,communication,0.056139488,1,0,0,0,0,0,0,36,0,0,0,0,0,0,0,1,1,303600,4859624
14,cn2846,face_global_merge,compute,0.073052909,1,0,0,0,0,0,0,0,0,0,0,0,0,0,0,0,0,0,0
14,cn2846,part_face_create,compute,0.018087235,1,0,0,0,0,0,0,3,0,0,0,0,0,0,0,0,0,0,0
14,cn2846,surface_refine,compute,0.034400549,1,0,0,0,0,0,0,963,0,0,0,0,0,0,0,0,0,0,0
14,cn2846,refined_surface_save,io,0,0,0,0,0,0,0,0,0,0,0,0,0,0,0,0,0,0,0,0
14,cn2846,local_volume_mesh,compute,32.791001731,1,0,0,0,0,0,0,22669,0,0,0,0,0,99173,3882308,0,0,0,0
14,cn2846,volume_refine,compute,3.119562058,1,0,0,0,0,0,0,16858,0,0,0,0,0,0,4,0,0,0,0
14,cn2846,refined_volume_save,io,0,0,0,0,0,0,0,0,0,0,0,0,0,0,0,0,0,0,0,0
14,cn2846,adjacency_build,compute,0.00343192100001,1,0,0,0,0,0,0,9,0,0,0,0,0,0,0,0,0,0,0
14,cn2846,vertex_numbering_local,compute,0.038308076,1,0,0,0,0,0,0,1305,0,0,0,0,0,0,0,0,0,0,0
14,cn2846,vertex_count_allgather,communication,13.241378367,1,0,0,0,0,0,0,34,0,0,0,0,0,0,15,1,1,4,64
14,cn2846,element_count_allgather,communication,0.000337384000005,1,0,0,0,0,0,0,0,0,0,0,0,0,0,0,1,1,4,64
14,cn2846,vertex_exchange_prepare,compute,7.80800000086e-05,1,0,0,0,0,0,0,16,0,0,0,0,0,0,0,0,0,0,0
14,cn2846,vertex_exchange,communication,0.00320419799999,1,0,0,0,0,0,0,159,0,0,0,0,0,0,0,2,2,142472,235664
14,cn2846,vertex_exchange_unpack,compute,0.00436141199998,1,0,0,0,0,0,0,1027,0,0,0,0,0,0,0,0,0,0,0
14,cn2846,partition_result_io,io,0,0,0,0,0,0,0,0,0,0,0,0,0,0,0,0,0,0,0,0
14,cn2846,volume_exchange_pack,compute,0.852255795,2,0,0,0,0,0,0,2932,0,0,0,0,0,0,1,0,0,0,0
14,cn2846,volume_size_exchange,communication,0.11685109,1,0,0,0,0,0,0,0,0,0,0,0,0,0,0,3,3,12,12
14,cn2846,volume_payload_prepare,compute,0.000288003000009,1,0,0,0,0,0,0,0,0,0,0,0,0,0,0,0,0,0,0
14,cn2846,volume_payload_exchange,communication,0.121583786,1,0,0,0,0,0,0,5,0,0,0,0,0,0,0,3,3,4027680,4027920
14,cn2846,volume_exchange_unpack,compute,0.597578606,1,0,0,0,0,0,0,26699,0,0,0,0,0,0,1,0,0,0,0
14,cn2846,final_mesh_save,io,0,0,0,0,0,0,0,0,0,0,0,0,0,0,0,0,0,0,0,0
14,cn2846,testout_io,io,0,0,0,0,0,0,0,0,0,0,0,0,0,0,0,0,0,0,0,0
14,cn2846,final_count_exchange,communication,0,0,0,0,0,0,0,0,0,0,0,0,0,0,0,0,0,0,0,0
14,cn2846,quality_evaluation,postprocess,0,0,0,0,0,0,0,0,0,0,0,0,0,0,0,0,0,0,0,0
15,cn2847,geometry_load,io,1.730341138,1,0,0,0,0,0,0,4975,0,1035092,0,0,0,2,15,0,0,0,0
15,cn2847,coarse_local_size,setup,0.45555176,1,0,0,0,0,0,0,10049,0,0,0,0,0,99,43,0,0,0,0
15,cn2847,coarse_edge_mesh,setup,0.012562425,1,0,0,0,0,0,0,502,0,0,0,0,0,0,0,0,0,0,0
15,cn2847,coarse_surface_mesh,setup,8.145204142,1,0,0,0,0,0,0,11110,0,0,0,0,0,1,74,0,0,0,0
15,cn2847,coarse_volume_mesh,setup,14.16470236,1,0,0,0,0,0,0,18456,0,0,0,0,0,85982,2762198,0,0,0,0
15,cn2847,coarse_mesh_save,io,0,0,0,0,0,0,0,0,0,0,0,0,0,0,0,0,0,0,0,0
15,cn2847,submesh_initialization,setup,0.000121882000002,1,0,0,0,0,0,0,1,0,0,0,0,0,0,0,0,0,0,0
15,cn2847,metis_partition,compute,0.116377924,1,0,0,0,0,0,0,131,0,0,0,0,0,0,0,0,0,0,0
15,cn2847,face_map_setup,compute,0.006981661,1,0,0,0,0,0,0,261,0,0,0,0,0,0,0,0,0,0,0
15,cn2847,face_local_extract,compute,0.162626838,1,0,0,0,0,0,0,945,0,0,0,0,0,0,2,0,0,0,0
15,cn2847,face_pre_collective_wait,synchronization,0.013210393,1,0,0,0,0,0,0,0,0,0,0,0,0,0,0,0,0,0,0
15,cn2847,face_collective_setup,compute,0.000117161000006,1,0,0,0,0,0,0,13,0,0,0,0,0,0,0,0,0,0,0
15,cn2847,face_allgatherv,communication,0.056022386,1,0,0,0,0,0,0,671,0,0,0,0,0,0,0,1,1,305624,4859624
15,cn2847,face_global_merge,compute,0.075046466,1,0,0,0,0,0,0,104,0,0,0,0,0,0,2,0,0,0,0
15,cn2847,part_face_create,compute,0.018393893,1,0,0,0,0,0,0,13,0,0,0,0,0,0,0,0,0,0,0
15,cn2847,surface_refine,compute,0.039498516,1,0,0,0,0,0,0,969,0,0,0,0,0,0,0,0,0,0,0
15,cn2847,refined_surface_save,io,0,0,0,0,0,0,0,0,0,0,0,0,0,0,0,0,0,0,0,0
15,cn2847,local_volume_mesh,compute,38.741181012,1,0,0,0,0,0,0,32917,0,0,0,0,0,99345,3768503,0,0,0,0
15,cn2847,volume_refine,compute,3.776066797,1,0,0,0,0,0,0,14934,0,0,0,0,0,0,31,0,0,0,0
15,cn2847,refined_volume_save,io,0,0,0,0,0,0,0,0,0,0,0,0,0,0,0,0,0,0,0,0
15,cn2847,adjacency_build,compute,0.003125176,1,0,0,0,0,0,0,0,0,0,0,0,0,0,0,0,0,0,0
15,cn2847,vertex_numbering_local,compute,0.037905718,1,0,0,0,0,0,0,101,0,0,0,0,0,0,1,0,0,0,0
15,cn2847,vertex_count_allgather,communication,6.626990033,1,0,0,0,0,0,0,31,0,0,0,0,0,0,58,1,1,4,64
15,cn2847,element_count_allgather,communication,7.67010000118e-05,1,0,0,0,0,0,0,6,0,0,0,0,0,0,0,1,1,4,64
15,cn2847,vertex_exchange_prepare,compute,0.000201142999998,1,0,0,0,0,0,0,54,0,0,0,0,0,0,0,0,0,0,0
15,cn2847,vertex_exchange,communication,0.003338079,1,0,0,0,0,0,0,66,0,0,0,0,0,0,0,0,2,0,233398
15,cn2847,vertex_exchange_unpack,compute,0.004716634,1,0,0,0,0,0,0,1337,0,0,0,0,0,0,0,0,0,0,0
15,cn2847,partition_result_io,io,0,0,0,0,0,0,0,0,0,0,0,0,0,0,0,0,0,0,0,0
15,cn2847,volume_exchange_pack,compute,0.924211691,2,0,0,0,0,0,0,1407,0,0,0,0,0,0,8,0,0,0,0
15,cn2847,volume_size_exchange,communication,0.045338664,1,0,0,0,0,0,0,2,0,0,0,0,0,0,0,2,2,8,8
15,cn2847,volume_payload_prepare,compute,0.000182162000016,1,0,0,0,0,0,0,34,0,0,0,0,0,0,0,0,0,0,0
15,cn2847,volume_payload_exchange,communication,0.082729035,1,0,0,0,0,0,0,345,0,0,0,0,0,0,1,2,2,2473440,2478120
15,cn2847,volume_exchange_unpack,compute,0.720091554,1,0,0,0,0,0,0,33238,0,0,0,0,0,0,6,0,0,0,0
15,cn2847,final_mesh_save,io,0,0,0,0,0,0,0,0,0,0,0,0,0,0,0,0,0,0,0,0
15,cn2847,testout_io,io,0,0,0,0,0,0,0,0,0,0,0,0,0,0,0,0,0,0,0,0
15,cn2847,final_count_exchange,communication,0,0,0,0,0,0,0,0,0,0,0,0,0,0,0,0,0,0,0,0
15,cn2847,quality_evaluation,postprocess,0,0,0,0,0,0,0,0,0,0,0,0,0,0,0,0,0,0,0,0
