arrival_wait_fraction_avg_percent,arrival_wait_fraction_max_percent,cache_available_ranks,cache_miss_rate_percent,cache_misses_total,cache_references_total,communication_avg_s,communication_fraction_avg_percent,communication_fraction_max_percent,communication_max_s,communication_plus_wait_fraction_avg_percent,communication_plus_wait_fraction_max_percent,compute_avg_s,compute_max_s,core_only,cycles_total,experiment,instructions_total,io_avg_s,io_counter_available_ranks,io_fraction_max_percent,io_max_s,ipc,local_volume_elements_avg,local_volume_elements_max,logical_read_total_bytes,logical_write_total_bytes,major_faults_total,minor_faults_total,peak_rss_avg_mib,peak_rss_max_mib,physical_read_total_bytes,physical_write_total_bytes,postprocess_avg_s,postprocess_max_s,processes,profile_coverage_percent,repeat,setup_avg_s,setup_max_s,source_file,synchronization_avg_s,synchronization_max_s,timestamp,total_wall_avg_s,total_wall_max_s,unprofiled_avg_s,unprofiled_max_s,volume_imbalance_max_over_avg
2.52899550489e-06,2.52899550489e-06,1,2.91809206694,136327839078,4.67181418374e+12,0.0482131329995,0.00669949436249,0.00669949436249,0.0482131329995,0.006702023358,0.006702023358,689.099763406,689.099763406,1,1.97710150905e+13,core_cache,1.21168736595e+13,1.994204917,1,0.277106335305,1.994204917,0.612860472971,46570944,46570944,1035188,0,0,3795092,12561.8007812,12561.8007812,12939264,0,0,0,1,99.2347071006,1,23.003655649,23.003655649,/vol8/home/hnu_lhz/cjz/NETGEN/test_code_expansion/strong_scaling_results/strong_scaling_suite_20260812-212446/modes/core_cache/p00001/repeat_01_20260812-224945/run_summary.csv,1.81999998858e-05,1.81999998858e-05,20260812-224945,719.653310994,719.653310994,5.507455689,5.507455689,1
2.20829368891e-06,2.20829368891e-06,1,2.86558755227,136535183088,4.76464880578e+12,0.0472067820006,0.00651540225413,0.00651540225413,0.0472067820006,0.00651761054781,0.00651761054781,694.170827839,694.170827839,1,1.99373747875e+13,core_cache,1.23975742481e+13,1.726675108,1,0.238312852816,1.726675108,0.621825811083,46570944,46570944,1035181,0,0,3835281,12561.0039062,12561.0039062,0,0,0,0,1,99.2229764332,2,22.966745157,22.966745157,/vol8/home/hnu_lhz/cjz/NETGEN/test_code_expansion/strong_scaling_results/strong_scaling_suite_20260812-212446/modes/core_cache/p00001/repeat_02_20260812-230157/run_summary.csv,1.60000004144e-05,1.60000004144e-05,20260812-230157,724.541327754,724.541327754,5.629856868,5.629856868,1
2.60639638059e-06,2.60639638059e-06,1,2.89854270932,138128560968,4.76544853122e+12,0.0458278469997,0.00633966005019,0.00633966005019,0.0458278469997,0.00634226644657,0.00634226644657,692.752882848,692.752882848,1,2.00561616519e+13,core_cache,1.23978846871e+13,1.728472989,1,0.23911075631,1.728472989,0.618158394527,46570944,46570944,1035181,0,0,3779397,12561.2539062,12561.2539062,0,0,0,0,1,99.2380533852,3,22.840336284,22.840336284,/vol8/home/hnu_lhz/cjz/NETGEN/test_code_expansion/strong_scaling_results/strong_scaling_suite_20260812-212446/modes/core_cache/p00001/repeat_03_20260812-231408/run_summary.csv,1.88409999282e-05,1.88409999282e-05,20260812-231408,722.875463936,722.875463936,5.507925127,5.507925127,1
2.47587082258e-06,2.47587082258e-06,1,2.90507814578,137528742320,4.73408064838e+12,0.0478312279998,0.00664556345663,0.00664556345663,0.0478312279998,0.00664803932745,0.00664803932745,689.446186454,689.446186454,1,1.99287638504e+13,core_cache,1.22931753372e+13,1.727181281,1,0.239970690362,1.727181281,0.616855888778,46570944,46570944,1035181,0,0,3790348,12557.0273438,12557.0273438,0,0,0,0,1,99.2147668346,4,22.873857982,22.873857982,/vol8/home/hnu_lhz/cjz/NETGEN/test_code_expansion/strong_scaling_results/strong_scaling_suite_20260812-212446/modes/core_cache/p00001/repeat_04_20260812-232615/run_summary.csv,1.78200001528e-05,1.78200001528e-05,20260812-232615,719.746765071,719.746765071,5.651690306,5.651690306,1
2.395848588e-06,2.395848588e-06,1,2.88594388373,136829017517,4.74122238788e+12,0.0454335599998,0.0062920189133,0.0062920189133,0.0454335599998,0.00629441476189,0.00629441476189,691.777795887,691.777795887,1,1.99298246308e+13,core_cache,1.2349443118e+13,1.830268741,1,0.253470904214,1.830268741,0.619646351471,46570944,46570944,1035187,0,0,4003054,12560.1289062,12560.1289062,1748992,0,0,0,1,99.2402740546,5,22.943018594,22.943018594,/vol8/home/hnu_lhz/cjz/NETGEN/test_code_expansion/strong_scaling_results/strong_scaling_suite_20260812-212446/modes/core_cache/p00001/repeat_05_20260812-233825/run_summary.csv,1.73000005361e-05,1.73000005361e-05,20260812-233825,722.08238128,722.08238128,5.485847198,5.485847198,1
0.000171029719722,0.000171029719722,1,2.87220412997,139892272594,4.8705546773e+12,0.056151324,0.00780843325423,0.00780843325423,0.056151324,0.00797946297396,0.00797946297396,689.103913094,689.103913094,1,2.03432286398e+13,core_cache,1.26703015573e+13,1.777225411,1,0.247141919566,1.777225411,0.622826483525,46570944,46570944,1035187,0,0,3958207,12557.296875,12557.296875,1335296,0,0,0,1,99.2166891248,6,22.539879318,22.539879318,/vol8/home/hnu_lhz/cjz/NETGEN/test_code_expansion/strong_scaling_results/strong_scaling_suite_20260812-212446/modes/core_cache/p00001/repeat_06_20260812-235032/run_summary.csv,0.00122989399961,0.00122989399961,20260812-235032,719.11127587,719.11127587,5.632876829,5.632876829,1
9.23367378688,17.7963271857,0,0,0,0,0.41834674425,0.344322917796,0.636536662618,0.778304253,9.57799670467,18.0861164469,80.1337238189,91.461881946,1,0,core_cache,0,5.20290302275,8,4.25736560097,5.20555366,0,6091584,8020864,8280786,0,0,1918359,1680.70898438,1702.4453125,12341248,0,0,0,8,98.8623552067,1,23.1424164089,23.729079956,/vol8/home/hnu_lhz/cjz/NETGEN/test_code_expansion/strong_scaling_results/strong_scaling_suite_20260812-212446/modes/core_cache/p00008/repeat_01_20260812-214105/run_summary.csv,11.218763453,21.759873311,20260812-214105,121.498373366,122.271708561,1.3822199185,2.06557558,1.31671236907
9.12064652803,17.4686956841,0,0,0,0,0.39090117625,0.332702229011,0.746446395391,0.882494672001,9.45334875704,17.8553024598,80.1340482736,90.944573958,1,0,core_cache,0,1.73996728575,8,1.50905665261,1.784099252,0,6091584,8020864,8280737,0,0,1966208,1680.58203125,1701.7734375,0,0,0,0,8,98.9461175405,2,23.2735474351,23.668845551,/vol8/home/hnu_lhz/cjz/NETGEN/test_code_expansion/strong_scaling_results/strong_scaling_suite_20260812-212446/modes/core_cache/p00008/repeat_02_20260812-214305/run_summary.csv,10.7161033053,20.652562546,20260812-214305,117.492803523,118.226128152,1.2382360475,1.498691866,1.31671236907
9.02900635986,17.6252621629,0,0,0,0,0.392210446,0.334941650253,0.761915333346,0.898137395,9.36394801011,17.8328065293,79.8498067729,90.498523921,1,0,core_cache,0,1.75358935613,8,1.51316653319,1.783704027,0,6091584,8020864,8280737,0,0,1850519,1680.34521484,1701.9921875,0,0,0,0,8,98.8930589157,3,23.233528427,23.720333083,/vol8/home/hnu_lhz/cjz/NETGEN/test_code_expansion/strong_scaling_results/strong_scaling_suite_20260812-212446/modes/core_cache/p00008/repeat_03_20260812-214505/run_summary.csv,10.5727986014,20.776464723,20260812-214505,117.098141035,117.878897522,1.29620743212,1.791907812,1.31671236907
9.2954467498,17.4047948751,0,0,0,0,0.4291613175,0.363509089133,0.720746175086,0.856436749,9.65895583893,17.5245201485,80.1479168075,91.204581028,1,0,core_cache,0,1.73759571988,8,1.48719846597,1.767184431,0,6091584,8020864,8280737,0,0,2004986,1680.69482422,1702.43359375,0,0,0,0,8,98.735039969,4,23.2783217916,23.982261178,/vol8/home/hnu_lhz/cjz/NETGEN/test_code_expansion/strong_scaling_results/strong_scaling_suite_20260812-212446/modes/core_cache/p00008/repeat_04_20260812-214706/run_summary.csv,10.9742680256,20.681491564,20260812-214706,118.060684129,118.826402221,1.4934204665,1.874681452,1.31671236907
9.33926237128,17.6493072545,0,0,0,0,0.4480988665,0.380826304809,0.712699789012,0.844236372,9.72008867609,17.8248474011,79.9676438008,91.127179519,1,0,core_cache,0,1.74073316312,8,1.49191011421,1.767258531,0,6091584,8020864,8280737,0,0,2005013,1680.53027344,1701.8203125,0,0,0,0,8,98.839444194,5,23.1538179173,23.698276693,/vol8/home/hnu_lhz/cjz/NETGEN/test_code_expansion/strong_scaling_results/strong_scaling_suite_20260812-212446/modes/core_cache/p00008/repeat_05_20260812-214907/run_summary.csv,10.9890331357,20.906680982,20260812-214907,117.664893638,118.456099611,1.36556675475,1.782730794,1.31671236907
9.272053911,17.6565304695,0,0,0,0,0.42098613125,0.35896661088,0.75871559835,0.895687637999,9.63102052188,17.7277732745,79.8235140826,90.787857213,1,0,core_cache,0,1.741493968,8,1.49487639172,1.764748619,0,6091584,8020864,8280737,0,0,1875411,1680.7890625,1701.9453125,0,0,0,0,8,98.9656696239,6,23.2042021548,23.607749174,/vol8/home/hnu_lhz/cjz/NETGEN/test_code_expansion/strong_scaling_results/strong_scaling_suite_20260812-212446/modes/core_cache/p00008/repeat_06_20260812-215107/run_summary.csv,10.8740088532,20.844089809,20260812-215107,117.2772393,118.053146653,1.21303411037,1.572537635,1.31671236907
10.6001955984,22.4731189435,16,2.58764376571,152766125230,5.90367682192e+12,0.27829842575,0.336581215544,0.774311894845,0.641889816,10.9367768139,22.952299468,46.2627403152,55.110046218,1,2.64236918975e+13,core_cache,1.55418814225e+13,2.03255235581,16,2.49471583185,2.068071919,0.588179785125,2953740,3571520,16562970,0,0,2378404,916.666503906,997.36328125,11563008,0,0,0,16,98.8901258138,1,24.4279534156,24.84332421,/vol8/home/hnu_lhz/cjz/NETGEN/test_code_expansion/strong_scaling_results/strong_scaling_suite_20260812-212446/modes/core_cache/p00016/repeat_01_20260812-213843/run_summary.csv,8.76465355594,18.62978766,20260812-213843,82.6838851659,82.898095751,0.917687097625,1.300547449,1.20915178723
10.2481428342,22.1014020821,16,2.48337788888,136074158551,5.47939800707e+12,0.28819331575,0.351045854136,0.647290818998,0.532700268,10.5991886883,22.7048819305,46.2292699435,54.737693831,1,2.44718118931e+13,core_cache,1.45954862047e+13,1.76937880119,16,2.18425756233,1.797576228,0.596420333256,2953740,3571520,16562881,0,0,2367891,916.479980469,997.109375,0,0,0,0,16,98.7662301612,2,24.3826419687,24.870601601,/vol8/home/hnu_lhz/cjz/NETGEN/test_code_expansion/strong_scaling_results/strong_scaling_suite_20260812-212446/modes/core_cache/p00016/repeat_02_20260812-214007/run_summary.csv,8.41327772106,18.188768428,20260812-214007,82.095632908,82.296898452,1.01287115781,1.566924371,1.20915178723
9.35540558374,21.6200155374,16,2.51164168311,130673505429,5.20271288328e+12,0.162108327937,0.199628043341,0.405953408572,0.330991235,9.55503362708,22.025968946,46.2266379833,54.002556729,1,2.30669983117e+13,core_cache,1.37345082566e+13,1.76738901975,16,2.1890858507,1.784855636,0.595418097796,2953740,3571520,16562881,0,0,2358742,916.497558594,997.046875,0,0,0,0,16,98.7008531157,3,24.3970033253,24.928225571,/vol8/home/hnu_lhz/cjz/NETGEN/test_code_expansion/strong_scaling_results/strong_scaling_suite_20260812-212446/modes/core_cache/p00016/repeat_03_20260812-214131/run_summary.csv,7.59707469438,17.627726464,20260812-214131,81.2051880207,81.534291377,1.05497467006,1.467717919,1.20915178723
10.0128083057,22.1077687067,16,2.49295860473,132138523112,5.30047000626e+12,0.205752963375,0.25103242911,0.458742152342,0.377336291,10.2638407348,22.566510859,46.2422107081,54.574996035,1,2.39279439255e+13,core_cache,1.42400463874e+13,1.76504162194,16,2.18332078632,1.795880678,0.595122022676,2953740,3571520,16562881,0,0,2362987,916.615478516,996.81640625,0,0,0,0,16,98.6012442232,4,24.3964710018,25.005297016,/vol8/home/hnu_lhz/cjz/NETGEN/test_code_expansion/strong_scaling_results/strong_scaling_suite_20260812-212446/modes/core_cache/p00016/repeat_04_20260812-214256/run_summary.csv,8.2067682965,18.184645565,20260812-214256,81.9627026296,82.254549549,1.14645803788,1.561001016,1.20915178723
10.4136662933,22.314630854,16,2.4191481954,127419828083,5.26713610704e+12,0.219161193,0.267487592678,0.497723851859,0.409811461,10.681153886,22.671517849,46.1750772841,55.091759703,1,2.29788646406e+13,core_cache,1.3962499601e+13,1.769085627,16,2.19990672961,1.811339737,0.607623562755,2953740,3571520,16562881,0,0,2384691,916.610839844,996.6640625,0,0,0,0,16,98.919277398,5,24.3521713726,24.727686776,/vol8/home/hnu_lhz/cjz/NETGEN/test_code_expansion/strong_scaling_results/strong_scaling_suite_20260812-212446/modes/core_cache/p00016/repeat_05_20260812-214420/run_summary.csv,8.532251928,18.3732233,20260812-214420,81.9332182124,82.337115143,0.88547080775,1.303380726,1.20915178723
10.2499676496,22.6715118157,16,2.4634751807,129806048842,5.26922494932e+12,0.187311648438,0.227812443928,0.463776480278,0.382924177001,10.4777800935,23.135288296,46.235541271,54.869131576,1,2.35741497732e+13,core_cache,1.40971985968e+13,1.763498709,16,2.1713261466,1.792788796,0.597993935409,2953740,3571520,16562881,0,0,2325881,916.640380859,996.4609375,0,0,0,0,16,98.5105240911,6,24.3831271675,25.086802622,/vol8/home/hnu_lhz/cjz/NETGEN/test_code_expansion/strong_scaling_results/strong_scaling_suite_20260812-212446/modes/core_cache/p00016/repeat_06_20260812-214545/run_summary.csv,8.42771493856,18.719082085,20260812-214545,82.2218686601,82.566536529,1.22467492556,1.556490866,1.20915178723
10.3964166,20.2827501618,32,2.41382013098,190253543051,7.88184424387e+12,0.20926468725,0.355464323485,0.584416423063,0.345278468999,10.7518809234,20.7719459328,25.0775277886,31.411545355,1,3.37291467139e+13,core_cache,2.03526652083e+13,2.02601503591,32,3.46876879854,2.049379745,0.603414767083,1482478,1918144,33125941,0,0,3422655,560.922485352,596.01953125,22487040,0,0,0,32,98.3823348238,1,24.485205518,25.14818434,/vol8/home/hnu_lhz/cjz/NETGEN/test_code_expansion/strong_scaling_results/strong_scaling_suite_20260812-212446/modes/core_cache/p00032/repeat_01_20260812-213802/run_summary.csv,6.1204535155,11.983230872,20260812-213802,58.870798959,59.080897691,0.952332413719,1.490711324,1.29387687372
10.1889598463,20.3067362567,32,2.32649427865,165896683985,7.13075830477e+12,0.208974157906,0.358894374413,0.722819224129,0.422155245,10.5478542207,20.790715942,25.0500892485,31.191340828,1,3.07652307677e+13,core_cache,1.87248898943e+13,1.76534266144,32,3.07812618162,1.797748412,0.60863804454,1482478,1918144,33125761,0,0,3469461,560.448120117,595.65625,0,0,0,0,32,98.4347054334,2,24.3586238362,24.977204964,/vol8/home/hnu_lhz/cjz/NETGEN/test_code_expansion/strong_scaling_results/strong_scaling_suite_20260812-212446/modes/core_cache/p00032/repeat_02_20260812-213902/run_summary.csv,5.93274638897,11.859943584,20260812-213902,58.2272035464,58.403986904,0.911427253375,1.480399296,1.29387687372
10.3302346871,20.3962875577,32,2.26341988704,156910956169,6.93247227648e+12,0.189608083469,0.325086548812,0.547987845559,0.320771460999,10.6553212359,20.9402749906,25.0353897188,31.27629505,1,2.95865866138e+13,core_cache,1.81695872667e+13,1.76525319844,32,3.08819440333,1.807712778,0.614115697219,1482478,1918144,33125761,0,0,3382201,560.328979492,596.75390625,0,0,0,0,32,98.4998848341,3,24.4350646439,25.043925932,/vol8/home/hnu_lhz/cjz/NETGEN/test_code_expansion/strong_scaling_results/strong_scaling_suite_20260812-212446/modes/core_cache/p00032/repeat_03_20260812-214003/run_summary.csv,6.02515240312,11.939219112,20260812-214003,58.3254164657,58.536236451,0.874948417969,1.311218542,1.29387687372
10.6974929501,21.0166082752,32,2.34624422263,167923883587,7.15713573068e+12,0.215512691062,0.367545062196,0.714363677888,0.420196846,11.0650380123,21.4859000649,25.1234384061,31.525693491,1,3.08087451372e+13,core_cache,1.87361436395e+13,1.76370977241,32,3.07918732684,1.811213032,0.608143679855,1482478,1918144,33125761,0,0,3460613,560.607177734,595.13671875,0,0,0,0,32,98.5799069063,4,24.4278247139,24.965432919,/vol8/home/hnu_lhz/cjz/NETGEN/test_code_expansion/strong_scaling_results/strong_scaling_suite_20260812-212446/modes/core_cache/p00032/repeat_04_20260812-214104/run_summary.csv,6.27255194106,12.362208192,20260812-214104,58.6357193251,58.821138169,0.832681800594,1.275139584,1.29387687372
10.0687009897,20.2652843617,32,2.36500928075,170334953274,7.20229534238e+12,0.199705438687,0.342904764501,0.55182098115,0.322453504,10.4116057542,20.790114921,25.0999968125,31.138673452,1,3.13524083139e+13,core_cache,1.88572929279e+13,1.76579908513,32,3.07896707908,1.799177192,0.601462341874,1482478,1918144,33125761,0,0,3341496,560.61315918,595.46875,0,0,0,0,32,98.4952901057,5,24.433552043,25.019735439,/vol8/home/hnu_lhz/cjz/NETGEN/test_code_expansion/strong_scaling_results/strong_scaling_suite_20260812-212446/modes/core_cache/p00032/repeat_05_20260812-214205/run_summary.csv,5.86394403441,11.841905573,20260812-214205,58.2393303803,58.4344407,0.876332966625,1.350724007,1.29387687372
10.2214126226,20.6010438909,32,2.31577560661,158779604082,6.85643305115e+12,0.217272847063,0.373567770945,0.608490794236,0.355147520001,10.5949803935,21.1975484019,25.0614623497,31.20009927,1,2.9440552508e+13,core_cache,1.79772270426e+13,1.77489826944,32,3.22371399785,1.881530571,0.610628045712,1482478,1918144,33125761,0,0,3378724,560.740112305,594.90625,0,0,0,0,32,98.683158157,6,24.3970986453,24.885358792,/vol8/home/hnu_lhz/cjz/NETGEN/test_code_expansion/strong_scaling_results/strong_scaling_suite_20260812-212446/modes/core_cache/p00032/repeat_06_20260812-214305/run_summary.csv,5.94493313994,12.023862508,20260812-214305,58.1615610236,58.36530698,0.765895772094,1.142835837,1.29387687372
8.31241118753,15.2459829308,64,2.34811430619,279958597222,1.19226988432e+13,0.157679842562,0.331684950562,0.62528739019,0.297900377,8.64409613809,15.5770956495,15.0456697946,19.035374302,1,5.03349580072e+13,core_cache,3.02787824601e+13,2.27009456456,64,6.37487829502,3.03712929,0.60154579757,754856,1099584,66251878,0,0,5682290,369.229187012,531.72265625,38232064,0,0,0,64,96.579072435,1,24.4876795256,25.188809218,/vol8/home/hnu_lhz/cjz/NETGEN/test_code_expansion/strong_scaling_results/strong_scaling_suite_20260812-212446/modes/core_cache/p00064/repeat_01_20260812-213837/run_summary.csv,3.9516405105,7.26351456,20260812-213837,47.5390403741,47.6421533,1.62627613628,2.340313059,1.45668047946
8.58061355177,15.9909565194,64,2.28119004283,259602534936,1.13801362474e+13,0.150039393828,0.324340029787,0.667115033255,0.309423938001,8.90495358156,16.2637362835,15.0041108167,19.037893376,1,4.88237860013e+13,core_cache,2.95103542346e+13,1.7635751322,64,3.88933852242,1.803968404,0.604425765626,754856,1099584,66251521,0,0,5669852,368.921630859,531.453125,0,0,0,0,64,97.9260045041,2,24.4133687829,25.174596084,/vol8/home/hnu_lhz/cjz/NETGEN/test_code_expansion/strong_scaling_results/strong_scaling_suite_20260812-212446/modes/core_cache/p00064/repeat_02_20260812-213926/run_summary.csv,3.96938378783,7.416988813,20260812-213926,46.2599062862,46.382396225,0.959428372781,1.537810684,1.45668047946
8.24819647393,15.236574386,64,2.27833231416,256209080266,1.1245465759e+13,0.13288832825,0.28964814179,0.568501310346,0.261411680001,8.53784461572,15.4831182059,15.0213913139,18.848218452,1,4.80504732384e+13,core_cache,2.90855343661e+13,1.76516644525,64,4.00362976183,1.840973034,0.605312131304,754856,1099584,66251521,0,0,5551543,368.860107422,531.71484375,0,0,0,0,64,98.3462243766,3,24.4168325872,25.026881734,/vol8/home/hnu_lhz/cjz/NETGEN/test_code_expansion/strong_scaling_results/strong_scaling_suite_20260812-212446/modes/core_cache/p00064/repeat_03_20260812-214014/run_summary.csv,3.78420877733,7.006172959,20260812-214014,45.879226923,45.982599379,0.758739471078,1.216672188,1.45668047946
8.34271053869,15.3790769945,64,2.26948516906,247565384205,1.09084380713e+13,0.149429799219,0.324114801853,0.652328402371,0.301595172,8.66682534055,15.6490097192,15.000448758,18.889920894,1,4.64819218529e+13,core_cache,2.81339887633e+13,1.76284198345,64,3.90390194916,1.804916014,0.605267330649,754856,1099584,66251521,0,0,5588090,368.950073242,531.38671875,0,0,0,0,64,97.9939339882,4,24.4200548931,25.193647375,/vol8/home/hnu_lhz/cjz/NETGEN/test_code_expansion/strong_scaling_results/strong_scaling_suite_20260812-212446/modes/core_cache/p00064/repeat_04_20260812-214103/run_summary.csv,3.84632097519,7.110307254,20260812-214103,46.103972532,46.233641047,0.924876123047,1.45929545,1.45668047946
9.05542357935,16.3404236602,64,2.28655206085,256484523661,1.12170865493e+13,0.142249055469,0.306428641356,0.590491418537,0.274886023001,9.36185222071,16.5943360638,15.0111749297,19.313163898,1,4.81871763211e+13,core_cache,2.90871618667e+13,1.76144292323,64,3.9134203164,1.82177846,0.603628684795,754856,1099584,66251521,0,0,5650117,368.993286133,531.1953125,0,0,0,0,64,98.0752149347,5,24.4095379588,25.110909079,/vol8/home/hnu_lhz/cjz/NETGEN/test_code_expansion/strong_scaling_results/strong_scaling_suite_20260812-212446/modes/core_cache/p00064/repeat_05_20260812-214152/run_summary.csv,4.20367184128,7.606806692,20260812-214152,46.4215925897,46.552077536,0.893515881234,1.377248384,1.45668047946
8.9272597191,16.3733504779,64,2.26884541344,253872956635,1.11895219979e+13,0.130030797156,0.280133394641,0.582516243015,0.270991629,9.20739311375,16.6105161457,15.0447656892,19.247450863,1,4.7793901781e+13,core_cache,2.89714217363e+13,1.76358931637,64,3.90412889406,1.81623476,0.606174023394,754856,1099584,66251521,0,0,5732485,368.829772949,531.46484375,0,0,0,0,64,98.0768466247,6,24.4425850963,25.179317559,/vol8/home/hnu_lhz/cjz/NETGEN/test_code_expansion/strong_scaling_results/strong_scaling_suite_20260812-212446/modes/core_cache/p00064/repeat_06_20260812-214241/run_summary.csv,4.1438069145,7.617025227,20260812-214241,46.4174566987,46.520870834,0.892678885219,1.315974908,1.45668047946
8.11708899837,13.7206725978,128,2.33990331451,503963190176,2.15377783796e+13,0.469794545133,1.13361965698,2.9189747797,1.231963767,9.25070865535,15.5132023165,10.2211272214,13.586959384,1,9.03506616805e+13,core_cache,5.41040793222e+13,2.00709813064,128,4.88373548235,2.061198063,0.598823277173,383532,585152,132503754,0,0,9942874,274.867797852,357.12890625,80531456,0,0,0,128,97.9287222784,1,24.5217082054,25.301711589,/vol8/home/hnu_lhz/cjz/NETGEN/test_code_expansion/strong_scaling_results/strong_scaling_suite_20260812-212446/modes/core_cache/p00128/repeat_01_20260812-213955/run_summary.csv,3.36388321279,5.790859043,20260812-213955,41.4419900221,42.205358387,0.858378706719,1.348101124,1.5256927714
8.8011392677,14.5131146318,128,2.2460715781,441449631708,1.96542993559e+13,0.141983996523,0.348101950038,0.549583450812,0.224634772,9.14924121773,14.9313861554,10.211917353,13.841180488,1,8.3345175667e+13,core_cache,5.02194291427e+13,1.76273998752,128,4.51867397441,1.846946622,0.602547522886,383532,585152,132503041,0,0,10030694,274.423858643,351.4921875,0,0,0,0,128,98.3935274462,2,24.4263465155,24.995332766,/vol8/home/hnu_lhz/cjz/NETGEN/test_code_expansion/strong_scaling_results/strong_scaling_suite_20260812-212446/modes/core_cache/p00128/repeat_02_20260812-214038/run_summary.csv,3.58981306209,5.932038513,20260812-214038,40.7880497389,40.873641968,0.655248824305,1.199394257,1.5256927714
8.30063825454,14.2315186985,128,2.20128806527,415482237013,1.88745055028e+13,0.122726484461,0.301627287748,0.456885987155,0.186265458,8.60226554229,14.5970060442,10.2047940799,13.597633823,1,8.03891876468e+13,core_cache,4.86263474687e+13,1.75987491074,128,4.63283749103,1.888737281,0.604886663146,383532,585152,132503041,0,0,10009517,274.171447754,359.23046875,0,0,0,0,128,98.0879096137,3,24.4453607139,25.132851121,/vol8/home/hnu_lhz/cjz/NETGEN/test_code_expansion/strong_scaling_results/strong_scaling_suite_20260812-212446/modes/core_cache/p00128/repeat_03_20260812-214121/run_summary.csv,3.37737397491,5.801973409,20260812-214121,40.6881238688,40.768476871,0.777993704859,1.390820677,1.5256927714
7.58546737702,13.1252388859,128,2.22358098519,422807691406,1.90147196896e+13,0.126095892969,0.311735896754,0.524230303618,0.212720153,7.89720327377,13.4422841356,10.210330501,13.314360965,1,8.06544698329e+13,core_cache,4.87537708244e+13,1.75839142474,128,4.45808753223,1.808985584,0.604476985906,383532,585152,132503041,0,0,9911984,274.197570801,359.15625,0,0,0,0,128,97.9268970515,4,24.4479203307,25.18094713,/vol8/home/hnu_lhz/cjz/NETGEN/test_code_expansion/strong_scaling_results/strong_scaling_suite_20260812-212446/modes/core_cache/p00128/repeat_04_20260812-214204/run_summary.csv,3.06829047424,5.32590887,20260812-214204,40.4495902723,40.577614749,0.838561648594,1.341397174,1.5256927714
8.07714509479,13.6787312982,128,2.25473429526,438941475180,1.94675477329e+13,0.121803668016,0.30070741608,0.464611430377,0.188564188,8.37785251087,14.007973628,10.2113329833,13.493293786,1,8.274955406e+13,core_cache,4.97739011547e+13,1.7622883706,128,4.51632778125,1.832967562,0.601500536409,383532,585152,132503041,0,0,10035834,274.677276611,357.5078125,0,0,0,0,128,98.2996643172,5,24.4498452017,25.040945335,/vol8/home/hnu_lhz/cjz/NETGEN/test_code_expansion/strong_scaling_results/strong_scaling_suite_20260812-212446/modes/core_cache/p00128/repeat_05_20260812-214247/run_summary.csv,3.27170481016,5.551561351,20260812-214247,40.5057080412,40.585352764,0.688733007406,1.147654577,1.5256927714
7.98188984104,13.2347317879,128,2.23025108163,425686324216,1.90869237873e+13,0.149855323367,0.370550432554,0.539223490309,0.218539406999,8.3524402736,13.5808612552,10.219171323,13.444898454,1,8.12909544406e+13,core_cache,4.89781647336e+13,1.76074943557,128,4.46092438548,1.807947516,0.602504486147,383532,585152,132503041,0,0,9915338,274.936157227,357.7734375,0,0,0,0,128,98.4188719938,6,24.4440935299,24.969817547,/vol8/home/hnu_lhz/cjz/NETGEN/test_code_expansion/strong_scaling_results/strong_scaling_suite_20260812-212446/modes/core_cache/p00128/repeat_06_20260812-214330/run_summary.csv,3.22797810534,5.363843543,20260812-214330,40.441276059,40.528539822,0.639428341828,1.166743856,1.5256927714
6.85558923016,10.4459834809,256,2.31626957762,885879712201,3.82459676006e+13,0.128048682594,0.339296578763,0.452844154244,0.17127475,7.19488580893,10.8592271221,7.67895289559,10.226457724,1,1.60629994274e+14,core_cache,9.5598679909e+13,2.02357241298,256,5.50988809037,2.083950287,0.595148374007,196490,292544,265007523,0,0,17217174,228.709060669,264.7265625,177606656,0,0,0,256,97.6656021254,1,24.4406307464,25.22871189,/vol8/home/hnu_lhz/cjz/NETGEN/test_code_expansion/strong_scaling_results/strong_scaling_suite_20260812-212446/modes/core_cache/p00256/repeat_01_20260812-214131/run_summary.csv,2.5872620718,3.950880656,20260812-214131,37.739455865,37.822007504,0.880989055609,1.542456307,1.48884930531
6.71493237917,10.1205049412,256,2.17935309943,737109002596,3.38223761348e+13,0.145560078164,0.390946525913,0.505353057927,0.188570445001,7.10587890508,10.5892924484,7.67655073129,10.096773046,1,1.44153191207e+14,core_cache,8.67280785233e+13,1.76133310023,256,4.9562397595,1.849400775,0.601638283531,196490,292544,265006081,0,0,17347979,228.582717896,265.14453125,0,0,0,0,256,97.8667138577,2,24.3548559788,25.050493666,/vol8/home/hnu_lhz/cjz/NETGEN/test_code_expansion/strong_scaling_results/strong_scaling_suite_20260812-212446/modes/core_cache/p00256/repeat_02_20260812-214211/run_summary.csv,2.50015287818,3.776425393,20260812-214211,37.2327335111,37.314594627,0.794280744375,1.525911207,1.48884930531
6.364885871,9.92620398609,256,2.17698550958,733387935201,3.36882322815e+13,0.11073159107,0.298618087802,0.402663692362,0.149632258,6.6635039588,10.2775182405,7.68085500914,10.01466808,1,1.43573527501e+14,core_cache,8.64620226976e+13,1.76173476107,256,5.00541953241,1.860044104,0.602214239646,196490,292544,265006081,0,0,17150334,228.555831909,264.35546875,0,0,0,0,256,97.7933773949,3,24.3495892431,25.062645949,/vol8/home/hnu_lhz/cjz/NETGEN/test_code_expansion/strong_scaling_results/strong_scaling_suite_20260812-212446/modes/core_cache/p00256/repeat_03_20260812-214251/run_summary.csv,2.36018502652,3.688637302,20260812-214251,37.0813408811,37.160603461,0.818245250141,1.658150572,1.48884930531
6.65972464286,10.4881468547,256,2.15519257544,722460012790,3.35218309967e+13,0.110959834719,0.299234327258,0.412116668564,0.153182557,6.95895897012,10.876208359,7.66314407794,10.092227525,1,1.43192027696e+14,core_cache,8.6272682164e+13,1.76376535896,256,5.03893272474,1.872956515,0.602496406765,196490,292544,265006081,0,0,17189695,228.607192993,264.23046875,0,0,0,0,256,98.0538634212,4,24.3522215681,25.026675808,/vol8/home/hnu_lhz/cjz/NETGEN/test_code_expansion/strong_scaling_results/strong_scaling_suite_20260812-212446/modes/core_cache/p00256/repeat_04_20260812-214330/run_summary.csv,2.46950927194,3.898413425,20260812-214330,37.0812519191,37.169706708,0.721651807465,1.377911792,1.48884930531
6.49789426218,10.6655608022,256,2.19835067077,750076504973,3.41199661613e+13,0.110457903012,0.297064985456,0.394791654891,0.147107899,6.79495924763,11.0603524571,7.66983326995,10.008025994,1,1.4562268214e+14,core_cache,8.73807965446e+13,1.76092085059,256,4.88755089615,1.821207046,0.600049355364,196490,292544,265006081,0,0,17137063,228.608230591,266.140625,0,0,0,0,256,97.6447484083,5,24.3499931605,25.145078028,/vol8/home/hnu_lhz/cjz/NETGEN/test_code_expansion/strong_scaling_results/strong_scaling_suite_20260812-212446/modes/core_cache/p00256/repeat_05_20260812-214410/run_summary.csv,2.41611704284,3.974218355,20260812-214410,37.1830772456,37.262160225,0.875755018668,1.472196273,1.48884930531
6.56477464104,10.1839969236,256,2.17066844669,727122992545,3.34976533913e+13,0.114536289754,0.307851406432,0.40794003794,0.1521101,6.87262604748,10.5919369616,7.6766236806,10.072200144,1,1.42879856225e+14,core_cache,8.59985397137e+13,1.76054793007,256,4.86585058714,1.814347577,0.601894080702,196490,292544,265006081,0,0,17289652,228.612060547,264.890625,0,0,0,0,256,97.7473113458,6,24.372806415,25.12830543,/vol8/home/hnu_lhz/cjz/NETGEN/test_code_expansion/strong_scaling_results/strong_scaling_suite_20260812-212446/modes/core_cache/p00256/repeat_06_20260812-214450/run_summary.csv,2.44242811547,3.797344331,20260812-214450,37.2050565179,37.287367224,0.838114086961,1.503675326,1.48884930531
