experiment,processes,repetitions,stage,category,time_avg_s,time_max_s,max_over_avg,max_percent_of_total,cache_valid_repetitions,cache_miss_rate_percent,ipc,io_valid_repetitions,minor_faults_total,major_faults_total,logical_read_total_bytes,logical_write_total_bytes,physical_read_total_bytes,physical_write_total_bytes,send_messages_total,receive_messages_total,send_total_bytes,receive_total_bytes,send_max_rank_bytes,receive_max_rank_bytes
core_cache,1,6,adjacency_build,compute,0.00243806800017,0.00243806800017,1.0,0.0003376392652535,6,2.897073130665,0.621025737132,6,0.0,0.0,0.0,0.0,0.0,0.0,0.0,0.0,0.0,0.0,0.0,0.0
core_cache,1,6,coarse_edge_mesh,setup,0.01260802449995,0.01260802449995,1.0,0.001749679001875,6,2.6450776716649997,0.5167028577224999,6,525.0,0.0,0.0,0.0,0.0,0.0,0.0,0.0,0.0,0.0,0.0,0.0
core_cache,1,6,coarse_local_size,setup,0.458285901,0.458285901,1.0,0.06353519399565,6,2.3065447043100002,0.7161044051115,6,9904.5,0.0,0.0,0.0,0.0,0.0,0.0,0.0,0.0,0.0,0.0,0.0
core_cache,1,6,coarse_mesh_save,io,0.0,0.0,0.0,0.0,6,0.0,0.0,6,0.0,0.0,0.0,0.0,0.0,0.0,0.0,0.0,0.0,0.0,0.0,0.0
core_cache,1,6,coarse_surface_mesh,setup,8.195786599,8.195786599,1.0,1.139207656865,6,2.8610295906,0.8567520103815001,6,15735.0,0.0,0.0,0.0,0.0,0.0,0.0,0.0,0.0,0.0,0.0,0.0
core_cache,1,6,coarse_volume_mesh,setup,14.236306190499999,14.236306190499999,1.0,1.973260620155,6,2.3702866182799998,0.627931093627,6,20488.5,0.0,0.0,0.0,0.0,0.0,0.0,0.0,0.0,0.0,0.0,0.0
core_cache,1,6,element_count_allgather,communication,9.999999974755e-06,9.999999974755e-06,1.0,1.390060721635e-06,6,2.89706726509,0.621028089588,6,0.0,0.0,0.0,0.0,0.0,0.0,1.0,1.0,4.0,4.0,4.0,4.0
core_cache,1,6,element_count_pre_collective_wait,synchronization,3.959999958170001e-06,3.959999958170001e-06,1.0,5.502281470755e-07,6,2.897067263305,0.6210280922145,6,0.0,0.0,0.0,0.0,0.0,0.0,0.0,0.0,0.0,0.0,0.0,0.0
core_cache,1,6,face_allgatherv,communication,0.0466112944999,0.0466112944999,1.0,0.006472611771575,6,1.87841445843,0.6565331709815,6,738.0,0.0,0.0,0.0,0.0,0.0,1.0,1.0,4859624.0,4859624.0,4859624.0,4859624.0
core_cache,1,6,face_collective_setup,compute,0.00015780200004649999,0.00015780200004649999,1.0,2.18511852381e-05,6,1.98155985462,0.6411862440285,6,18.0,0.0,0.0,0.0,0.0,0.0,0.0,0.0,0.0,0.0,0.0,0.0
core_cache,1,6,face_global_merge,compute,0.07414629,0.07414629,1.0,0.01028402981075,6,2.010627209545,0.635303625848,6,158.5,0.0,0.0,0.0,0.0,0.0,0.0,0.0,0.0,0.0,0.0,0.0
core_cache,1,6,face_local_extract,compute,0.18041004100000002,0.18041004100000002,1.0,0.02501107107595,6,2.023639670865,0.6371795838825,6,766.0,0.0,0.0,0.0,0.0,0.0,0.0,0.0,0.0,0.0,0.0,0.0
core_cache,1,6,face_map_setup,compute,0.0069469300000249996,0.0069469300000249996,1.0,0.0009636156349950001,6,1.98315188433,0.6410209715765,6,139.5,0.0,0.0,0.0,0.0,0.0,0.0,0.0,0.0,0.0,0.0,0.0
core_cache,1,6,face_pre_collective_wait,synchronization,1.43999983493e-06,1.43999983493e-06,1.0,2.00148924884e-07,6,1.9815070053150001,0.641196408456,6,0.0,0.0,0.0,0.0,0.0,0.0,0.0,0.0,0.0,0.0,0.0,0.0
core_cache,1,6,final_count_exchange,communication,0.0,0.0,0.0,0.0,6,0.0,0.0,6,0.0,0.0,0.0,0.0,0.0,0.0,0.0,0.0,0.0,0.0,0.0,0.0
core_cache,1,6,final_mesh_save,io,0.0,0.0,0.0,0.0,6,0.0,0.0,6,0.0,0.0,0.0,0.0,0.0,0.0,0.0,0.0,0.0,0.0,0.0,0.0
core_cache,1,6,geometry_load,io,1.7528492,1.7528492,1.0,0.243556304964,6,1.6751513395850002,0.883252092819,6,4972.5,0.0,1035184.0,0.0,667648.0,0.0,0.0,0.0,0.0,0.0,0.0,0.0
core_cache,1,6,local_volume_mesh,compute,587.878797992,587.878797992,1.0,81.51715301635,6,2.800469074065,0.6305475486,6,290133.5,0.0,0.0,0.0,0.0,0.0,0.0,0.0,0.0,0.0,0.0,0.0
core_cache,1,6,metis_partition,compute,0.08118709150004999,0.08118709150004999,1.0,0.0112604027246,6,2.1780440961350003,0.640829573882,6,38.0,0.0,0.0,0.0,0.0,0.0,0.0,0.0,0.0,0.0,0.0,0.0
core_cache,1,6,part_face_create,compute,0.04238924650005,0.04238924650005,1.0,0.0058777475807550005,6,1.99649798081,0.63846623357,6,103.0,0.0,0.0,0.0,0.0,0.0,0.0,0.0,0.0,0.0,0.0,0.0
core_cache,1,6,partition_result_io,io,0.0,0.0,0.0,0.0,6,0.0,0.0,6,0.0,0.0,0.0,0.0,0.0,0.0,0.0,0.0,0.0,0.0,0.0,0.0
core_cache,1,6,quality_rank_io,io,0.0,0.0,0.0,0.0,6,0.0,0.0,6,0.0,0.0,0.0,0.0,0.0,0.0,0.0,0.0,0.0,0.0,0.0,0.0
core_cache,1,6,quality_reduce,communication,0.0,0.0,0.0,0.0,6,0.0,0.0,6,0.0,0.0,0.0,0.0,0.0,0.0,0.0,0.0,0.0,0.0,0.0,0.0
core_cache,1,6,quality_reduce_pre_collective_wait,synchronization,0.0,0.0,0.0,0.0,6,0.0,0.0,6,0.0,0.0,0.0,0.0,0.0,0.0,0.0,0.0,0.0,0.0,0.0,0.0
core_cache,1,6,quality_summary_io,io,0.0,0.0,0.0,0.0,6,0.0,0.0,6,0.0,0.0,0.0,0.0,0.0,0.0,0.0,0.0,0.0,0.0,0.0,0.0
core_cache,1,6,quality_surface_compute,postprocess,0.0,0.0,0.0,0.0,6,0.0,0.0,6,0.0,0.0,0.0,0.0,0.0,0.0,0.0,0.0,0.0,0.0,0.0,0.0
core_cache,1,6,quality_volume_compute,postprocess,0.0,0.0,0.0,0.0,6,0.0,0.0,6,0.0,0.0,0.0,0.0,0.0,0.0,0.0,0.0,0.0,0.0,0.0,0.0
core_cache,1,6,refined_surface_save,io,0.0,0.0,0.0,0.0,6,0.0,0.0,6,0.0,0.0,0.0,0.0,0.0,0.0,0.0,0.0,0.0,0.0,0.0,0.0
core_cache,1,6,refined_volume_save,io,0.0,0.0,0.0,0.0,6,0.0,0.0,6,0.0,0.0,0.0,0.0,0.0,0.0,0.0,0.0,0.0,0.0,0.0,0.0
core_cache,1,6,submesh_initialization,setup,0.0001299509999625,0.0001299509999625,1.0,1.800338622745e-05,6,1.98166951958,0.6411979218120001,6,1.0,0.0,0.0,0.0,0.0,0.0,0.0,0.0,0.0,0.0,0.0,0.0
core_cache,1,6,surface_refine,compute,0.576795077,0.576795077,1.0,0.07987899995610001,6,2.25094797546,0.6185793894864999,6,11843.0,0.0,0.0,0.0,0.0,0.0,0.0,0.0,0.0,0.0,0.0,0.0
core_cache,1,6,testout_io,io,0.0,0.0,0.0,0.0,6,0.0,0.0,6,0.0,0.0,0.0,0.0,0.0,0.0,0.0,0.0,0.0,0.0,0.0,0.0
core_cache,1,6,vertex_count_allgather,communication,8.776099980425e-05,8.776099980425e-05,1.0,1.2177188043549999e-05,6,2.8970673859850002,0.6210280560154999,6,6.5,0.0,0.0,0.0,0.0,0.0,1.0,1.0,4.0,4.0,4.0,4.0
core_cache,1,6,vertex_count_pre_collective_wait,synchronization,1.2430000083449999e-05,1.2430000083449999e-05,1.0,1.727111061195e-06,6,2.89706726356,0.6210280968740001,6,1.0,0.0,0.0,0.0,0.0,0.0,0.0,0.0,0.0,0.0,0.0,0.0
core_cache,1,6,vertex_exchange,communication,6.00000021223e-07,6.00000021223e-07,1.0,8.309224788695e-08,6,2.897067254985,0.6210280998219999,6,0.0,0.0,0.0,0.0,0.0,0.0,0.0,0.0,0.0,0.0,0.0,0.0
core_cache,1,6,vertex_exchange_prepare,compute,2.970000082315e-06,2.970000082315e-06,1.0,4.112844278925e-07,6,2.897067262535,0.6210280920455,6,0.0,0.0,0.0,0.0,0.0,0.0,0.0,0.0,0.0,0.0,0.0,0.0
core_cache,1,6,vertex_exchange_unpack,compute,1.659999952605e-06,1.659999952605e-06,1.0,2.29985892932e-07,6,2.897067258965,0.621028098851,6,0.0,0.0,0.0,0.0,0.0,0.0,0.0,0.0,0.0,0.0,0.0,0.0
core_cache,1,6,vertex_numbering_local,compute,0.3076760955,0.3076760955,1.0,0.0426788070389,6,2.89776625789,0.6207903571735001,6,428.0,0.0,0.0,0.0,0.0,0.0,0.0,0.0,0.0,0.0,0.0,0.0
core_cache,1,6,volume_exchange_pack,compute,7.4809017185,7.4809017185,1.0,1.035457585045,6,2.90118327733,0.6181709704655001,6,0.0,0.0,0.0,0.0,0.0,0.0,0.0,0.0,0.0,0.0,0.0,0.0
core_cache,1,6,volume_exchange_unpack,compute,21.6092953785,21.6092953785,1.0,2.998600734645,6,2.949712957865,0.6131179923395,6,472350.0,0.0,0.0,0.0,0.0,0.0,0.0,0.0,0.0,0.0,0.0,0.0
core_cache,1,6,volume_payload_exchange,communication,3.8999996832e-07,3.8999996832e-07,1.0,5.42102764657e-08,6,2.897067258195,0.621028100371,6,0.0,0.0,0.0,0.0,0.0,0.0,0.0,0.0,0.0,0.0,0.0,0.0
core_cache,1,6,volume_payload_prepare,compute,3.699999524545e-07,3.699999524545e-07,1.0,5.129595578685e-08,6,2.89706725791,0.6210281003245,6,0.0,0.0,0.0,0.0,0.0,0.0,0.0,0.0,0.0,0.0,0.0,0.0
core_cache,1,6,volume_refine,compute,72.124298469,72.124298469,1.0,9.988310036665,6,2.96024788556,0.5851176337235,6,2964736.0,0.0,0.0,0.0,0.0,0.0,0.0,0.0,0.0,0.0,0.0,0.0
core_cache,1,6,volume_size_exchange,communication,2.644049993705e-05,2.644049993705e-05,1.0,3.6534632727349997e-06,6,2.89706725922,0.6210280990054999,6,1.0,0.0,0.0,0.0,0.0,0.0,0.0,0.0,0.0,0.0,0.0,0.0
core_cache,8,6,adjacency_build,compute,0.003759287875025,0.00425018550004,1.129356934485,0.003592275072715,0,nan,nan,6,86.0,0.0,0.0,0.0,0.0,0.0,0.0,0.0,0.0,0.0,0.0,0.0
core_cache,8,6,coarse_edge_mesh,setup,0.012684970625,0.013287823499949999,1.043888754875,0.01124484988465,0,nan,nan,6,4122.5,0.0,0.0,0.0,0.0,0.0,0.0,0.0,0.0,0.0,0.0,0.0
core_cache,8,6,coarse_local_size,setup,0.46442486299999997,0.477192234,1.0227840606,0.402728339002,0,nan,nan,6,71727.0,0.0,0.0,0.0,0.0,0.0,0.0,0.0,0.0,0.0,0.0,0.0
core_cache,8,6,coarse_mesh_save,io,0.0,0.0,0.0,0.0,0,nan,nan,6,0.0,0.0,0.0,0.0,0.0,0.0,0.0,0.0,0.0,0.0,0.0,0.0
core_cache,8,6,coarse_surface_mesh,setup,8.31060737788,8.483018490500001,1.02163657006,7.1585647294450006,0,nan,nan,6,119657.0,0.0,0.0,0.0,0.0,0.0,0.0,0.0,0.0,0.0,0.0,0.0
core_cache,8,6,coarse_volume_mesh,setup,14.45232728375,14.76111165,1.02408613937,12.467058146300001,0,nan,nan,6,215602.5,0.0,0.0,0.0,0.0,0.0,0.0,0.0,0.0,0.0,0.0,0.0
core_cache,8,6,element_count_allgather,communication,1.54039998961e-05,1.95899999653e-05,1.264259821515,1.6577910052550002e-05,0,nan,nan,6,0.0,0.0,0.0,0.0,0.0,0.0,8.0,8.0,32.0,256.0,4.0,32.0
core_cache,8,6,element_count_pre_collective_wait,synchronization,0.0006916326250065001,0.00150579950014,2.13505100364,0.00127223827859,0,nan,nan,6,3.5,0.0,0.0,0.0,0.0,0.0,0.0,0.0,0.0,0.0,0.0,0.0
core_cache,8,6,face_allgatherv,communication,0.06119009212505,0.0613304400001,1.001796068545,0.051114794236199995,0,nan,nan,6,7827.5,0.0,0.0,0.0,0.0,0.0,8.0,8.0,4859624.0,38876992.0,607936.0,4859624.0
core_cache,8,6,face_collective_setup,compute,0.000121260187541,0.0001486419998855,1.21205331741,0.0001256960947865,0,nan,nan,6,126.0,0.0,0.0,0.0,0.0,0.0,0.0,0.0,0.0,0.0,0.0,0.0
core_cache,8,6,face_global_merge,compute,0.08162837481255,0.08418598749995,1.03120148097,0.07113066331275,0,nan,nan,6,3240.0,0.0,0.0,0.0,0.0,0.0,0.0,0.0,0.0,0.0,0.0,0.0
core_cache,8,6,face_local_extract,compute,0.1718708831875,0.1786739205,1.0437754955749998,0.15135188494000001,0,nan,nan,6,6342.0,0.0,0.0,0.0,0.0,0.0,0.0,0.0,0.0,0.0,0.0,0.0
core_cache,8,6,face_map_setup,compute,0.007718903312479999,0.007936433500165,1.03028704285,0.00672774720544,0,nan,nan,6,1575.5,0.0,0.0,0.0,0.0,0.0,0.0,0.0,0.0,0.0,0.0,0.0
core_cache,8,6,face_pre_collective_wait,synchronization,0.01067707543745,0.0241415249998,2.17254067491,0.0204236162675,0,nan,nan,6,3.0,0.0,0.0,0.0,0.0,0.0,0.0,0.0,0.0,0.0,0.0,0.0
core_cache,8,6,final_count_exchange,communication,0.0,0.0,0.0,0.0,0,nan,nan,6,0.0,0.0,0.0,0.0,0.0,0.0,0.0,0.0,0.0,0.0,0.0,0.0
core_cache,8,6,final_mesh_save,io,0.0,0.0,0.0,0.0,0,nan,nan,6,0.0,0.0,0.0,0.0,0.0,0.0,0.0,0.0,0.0,0.0,0.0,0.0
core_cache,8,6,geometry_load,io,1.74111356556,1.775481279,1.01613328977,1.501966522165,0,nan,nan,6,46370.0,0.0,8280737.0,0.0,0.0,0.0,0.0,0.0,0.0,0.0,0.0,0.0
core_cache,8,6,local_volume_mesh,compute,68.8020184548,79.52178164200001,1.15659717373,67.1614743426,0,nan,nan,6,410138.5,0.0,0.0,0.0,0.0,0.0,0.0,0.0,0.0,0.0,0.0,0.0
core_cache,8,6,metis_partition,compute,0.12176426443749999,0.12568497950000002,1.03073224892,0.1064648997675,0,nan,nan,6,2732.0,0.0,0.0,0.0,0.0,0.0,0.0,0.0,0.0,0.0,0.0,0.0
core_cache,8,6,part_face_create,compute,0.02250156731245,0.02404225350005,1.07019175888,0.020315603496700002,0,nan,nan,6,24.0,0.0,0.0,0.0,0.0,0.0,0.0,0.0,0.0,0.0,0.0,0.0
core_cache,8,6,partition_result_io,io,0.0,0.0,0.0,0.0,0,nan,nan,6,0.0,0.0,0.0,0.0,0.0,0.0,0.0,0.0,0.0,0.0,0.0,0.0
core_cache,8,6,quality_rank_io,io,0.0,0.0,0.0,0.0,0,nan,nan,6,0.0,0.0,0.0,0.0,0.0,0.0,0.0,0.0,0.0,0.0,0.0,0.0
core_cache,8,6,quality_reduce,communication,0.0,0.0,0.0,0.0,0,nan,nan,6,0.0,0.0,0.0,0.0,0.0,0.0,0.0,0.0,0.0,0.0,0.0,0.0
core_cache,8,6,quality_reduce_pre_collective_wait,synchronization,0.0,0.0,0.0,0.0,0,nan,nan,6,0.0,0.0,0.0,0.0,0.0,0.0,0.0,0.0,0.0,0.0,0.0,0.0
core_cache,8,6,quality_summary_io,io,0.0,0.0,0.0,0.0,0,nan,nan,6,0.0,0.0,0.0,0.0,0.0,0.0,0.0,0.0,0.0,0.0,0.0,0.0
core_cache,8,6,quality_surface_compute,postprocess,0.0,0.0,0.0,0.0,0,nan,nan,6,0.0,0.0,0.0,0.0,0.0,0.0,0.0,0.0,0.0,0.0,0.0,0.0
core_cache,8,6,quality_volume_compute,postprocess,0.0,0.0,0.0,0.0,0,nan,nan,6,0.0,0.0,0.0,0.0,0.0,0.0,0.0,0.0,0.0,0.0,0.0,0.0
core_cache,8,6,refined_surface_save,io,0.0,0.0,0.0,0.0,0,nan,nan,6,0.0,0.0,0.0,0.0,0.0,0.0,0.0,0.0,0.0,0.0,0.0,0.0
core_cache,8,6,refined_volume_save,io,0.0,0.0,0.0,0.0,0,nan,nan,6,0.0,0.0,0.0,0.0,0.0,0.0,0.0,0.0,0.0,0.0,0.0,0.0
core_cache,8,6,submesh_initialization,setup,0.00020775912506099998,0.00029431400003,1.4218143192900001,0.00024887712294299996,0,nan,nan,6,16.5,0.0,0.0,0.0,0.0,0.0,0.0,0.0,0.0,0.0,0.0,0.0
core_cache,8,6,surface_refine,compute,0.07585404443745,0.08534567299990001,1.129176576415,0.07208538585405,0,nan,nan,6,25333.5,0.0,0.0,0.0,0.0,0.0,0.0,0.0,0.0,0.0,0.0,0.0
core_cache,8,6,testout_io,io,0.0,0.0,0.0,0.0,0,nan,nan,6,0.0,0.0,0.0,0.0,0.0,0.0,0.0,0.0,0.0,0.0,0.0,0.0
core_cache,8,6,vertex_count_allgather,communication,0.00022323537504600002,0.000254823000205,1.147358393485,0.00021583930800150001,0,nan,nan,6,94.5,0.0,0.0,0.0,0.0,0.0,8.0,8.0,32.0,256.0,4.0,32.0
core_cache,8,6,vertex_count_pre_collective_wait,synchronization,10.9135149823,20.801612654,1.9231465167350001,17.62933819965,0,nan,nan,6,204.5,0.0,0.0,0.0,0.0,0.0,0.0,0.0,0.0,0.0,0.0,0.0
core_cache,8,6,vertex_exchange,communication,0.00400014425003,0.006359952500135,1.53095318774,0.00536566643121,0,nan,nan,6,699.5,0.0,0.0,0.0,0.0,0.0,8.0,8.0,1465090.0,1465090.0,346236.0,603086.0
core_cache,8,6,vertex_exchange_prepare,compute,8.329618748350001e-05,0.0002726634997995,3.32926701127,0.000230190405606,0,nan,nan,6,177.5,0.0,0.0,0.0,0.0,0.0,0.0,0.0,0.0,0.0,0.0,0.0
core_cache,8,6,vertex_exchange_unpack,compute,0.002960589499935,0.00963689450009,3.2609347620399998,0.008121723362045,0,nan,nan,6,866.0,0.0,0.0,0.0,0.0,0.0,0.0,0.0,0.0,0.0,0.0,0.0
core_cache,8,6,vertex_numbering_local,compute,0.07231332206245,0.08732667849995,1.2121754497450001,0.0740248554097,0,nan,nan,6,10572.5,0.0,0.0,0.0,0.0,0.0,0.0,0.0,0.0,0.0,0.0,0.0
core_cache,8,6,volume_exchange_pack,compute,1.944169331685,2.3604653395,1.20708055041,1.97659468947,0,nan,nan,6,16182.5,0.0,0.0,0.0,0.0,0.0,0.0,0.0,0.0,0.0,0.0,0.0
core_cache,8,6,volume_exchange_unpack,compute,1.45722277875,1.9399494845,1.3346294846100002,1.63428508033,0,nan,nan,6,497039.5,0.0,0.0,0.0,0.0,0.0,0.0,0.0,0.0,0.0,0.0,0.0
core_cache,8,6,volume_payload_exchange,communication,0.1015596909375,0.313088344,2.81897108198,0.26033597171,0,nan,nan,6,2072.0,0.0,0.0,0.0,0.0,0.0,16.0,16.0,31152120.0,31152120.0,6383640.0,6409080.0
core_cache,8,6,volume_payload_prepare,compute,0.0002998826250005,0.000421296000013,1.4047874305799999,0.0003502489037325,0,nan,nan,6,170.0,0.0,0.0,0.0,0.0,0.0,0.0,0.0,0.0,0.0,0.0,0.0
core_cache,8,6,volume_refine,compute,7.19839086025,8.88333977,1.235173008905,7.512344984055,0,nan,nan,6,510316.0,0.0,0.0,0.0,0.0,0.0,0.0,0.0,0.0,0.0,0.0,0.0
core_cache,8,6,volume_size_exchange,communication,0.24430898693749997,0.5787923395,2.3403764005800003,0.482170383127,0,nan,nan,6,23.5,0.0,0.0,0.0,0.0,0.0,16.0,16.0,64.0,64.0,12.0,12.0
core_cache,16,6,adjacency_build,compute,0.003969908156295,0.00636050600019,1.5950396115749998,0.007752410541580001,6,2.586023176935,0.587186766202,6,99.0,0.0,0.0,0.0,0.0,0.0,0.0,0.0,0.0,0.0,0.0,0.0
core_cache,16,6,coarse_edge_mesh,setup,0.013786527406249999,0.0150882905,1.075034074095,0.0183638315654,6,2.688955816035,0.47439407705750003,6,8158.0,0.0,0.0,0.0,0.0,0.0,0.0,0.0,0.0,0.0,0.0,0.0
core_cache,16,6,coarse_local_size,setup,0.504461619469,0.5187709195000001,1.03052638824,0.630526506995,6,2.336454450355,0.7045184798174999,6,122605.5,0.0,0.0,0.0,0.0,0.0,0.0,0.0,0.0,0.0,0.0,0.0
core_cache,16,6,coarse_mesh_save,io,0.0,0.0,0.0,0.0,6,0.0,0.0,6,0.0,0.0,0.0,0.0,0.0,0.0,0.0,0.0,0.0,0.0,0.0,0.0
core_cache,16,6,coarse_surface_mesh,setup,8.74940130828,8.944826036,1.02138325787,10.84907470645,6,2.89085166878,0.8051075320325001,6,253793.5,0.0,0.0,0.0,0.0,0.0,0.0,0.0,0.0,0.0,0.0,0.0
core_cache,16,6,coarse_volume_mesh,setup,15.11750543915,15.4348386675,1.021252921435,18.80427894935,6,2.3904694378849998,0.5945435763355,6,466947.5,0.0,0.0,0.0,0.0,0.0,0.0,0.0,0.0,0.0,0.0,0.0
core_cache,16,6,element_count_allgather,communication,2.754499992365e-05,3.2500500083200006e-05,1.15376981054,3.935589833605e-05,6,2.585926457505,0.587236842287,6,0.0,0.0,0.0,0.0,0.0,0.0,16.0,16.0,64.0,1024.0,4.0,64.0
core_cache,16,6,element_count_pre_collective_wait,synchronization,0.000297944250008,0.0005382965000535001,1.6507974240949999,0.000652781342144,6,2.58588569669,0.5872540772105,6,7.0,0.0,0.0,0.0,0.0,0.0,0.0,0.0,0.0,0.0,0.0,0.0
core_cache,16,6,face_allgatherv,communication,0.06302629849995,0.06335534749999999,1.0045433137550002,0.07698492533915,6,2.2349419315650003,0.6073841069229999,6,15258.0,0.0,0.0,0.0,0.0,0.0,16.0,16.0,4859624.0,77753984.0,305624.0,4859624.0
core_cache,16,6,face_collective_setup,compute,0.0001272883437625,0.000184472499996,1.472435892265,0.0002237452586365,6,2.296164121415,0.596512778611,6,251.0,0.0,0.0,0.0,0.0,0.0,0.0,0.0,0.0,0.0,0.0,0.0
core_cache,16,6,face_global_merge,compute,0.0844604921875,0.088320955,1.0457392643849999,0.10748858485900001,6,2.30869986454,0.5922171758495001,6,7171.0,0.0,0.0,0.0,0.0,0.0,0.0,0.0,0.0,0.0,0.0,0.0
core_cache,16,6,face_local_extract,compute,0.173198353219,0.182584262,1.055531345155,0.221364477221,6,2.3161496553800003,0.5926194234794999,6,11740.5,0.0,0.0,0.0,0.0,0.0,0.0,0.0,0.0,0.0,0.0,0.0
core_cache,16,6,face_map_setup,compute,0.00801607034376,0.008433440500085002,1.05140449663,0.0102334796767,6,2.296228667765,0.5963791007735,6,3935.5,0.0,0.0,0.0,0.0,0.0,0.0,0.0,0.0,0.0,0.0,0.0
core_cache,16,6,face_pre_collective_wait,synchronization,0.01297919584375,0.03285114300025,2.4288497593200002,0.039708589112700005,6,2.288660124425,0.5975019224114999,6,6.5,0.0,0.0,0.0,0.0,0.0,0.0,0.0,0.0,0.0,0.0,0.0
core_cache,16,6,final_count_exchange,communication,0.0,0.0,0.0,0.0,6,0.0,0.0,6,0.0,0.0,0.0,0.0,0.0,0.0,0.0,0.0,0.0,0.0,0.0,0.0
core_cache,16,6,final_mesh_save,io,0.0,0.0,0.0,0.0,6,0.0,0.0,6,0.0,0.0,0.0,0.0,0.0,0.0,0.0,0.0,0.0,0.0,0.0,0.0
core_cache,16,6,geometry_load,io,1.768237323375,1.796728453,1.017040609315,2.186671706515,6,1.7600200083750002,0.8715661947325,6,107312.5,0.0,16562881.0,0.0,0.0,0.0,0.0,0.0,0.0,0.0,0.0,0.0
core_cache,16,6,local_volume_mesh,compute,40.003414857850004,48.102952621,1.201826658425,58.3888166432,6,2.57478576067,0.5877351348115001,6,519544.0,0.0,0.0,0.0,0.0,0.0,0.0,0.0,0.0,0.0,0.0,0.0
core_cache,16,6,metis_partition,compute,0.132796050719,0.13744103349999998,1.03593590754,0.166728996101,6,2.398816196475,0.5958423617295,6,6955.5,0.0,0.0,0.0,0.0,0.0,0.0,0.0,0.0,0.0,0.0,0.0
core_cache,16,6,part_face_create,compute,0.021439388312500002,0.0225239295003,1.052009289125,0.027297675450800002,6,2.2983306884,0.5954251134095,6,377.0,0.0,0.0,0.0,0.0,0.0,0.0,0.0,0.0,0.0,0.0,0.0
core_cache,16,6,partition_result_io,io,0.0,0.0,0.0,0.0,6,0.0,0.0,6,0.0,0.0,0.0,0.0,0.0,0.0,0.0,0.0,0.0,0.0,0.0,0.0
core_cache,16,6,quality_rank_io,io,0.0,0.0,0.0,0.0,6,0.0,0.0,6,0.0,0.0,0.0,0.0,0.0,0.0,0.0,0.0,0.0,0.0,0.0,0.0
core_cache,16,6,quality_reduce,communication,0.0,0.0,0.0,0.0,6,0.0,0.0,6,0.0,0.0,0.0,0.0,0.0,0.0,0.0,0.0,0.0,0.0,0.0,0.0
core_cache,16,6,quality_reduce_pre_collective_wait,synchronization,0.0,0.0,0.0,0.0,6,0.0,0.0,6,0.0,0.0,0.0,0.0,0.0,0.0,0.0,0.0,0.0,0.0,0.0,0.0
core_cache,16,6,quality_summary_io,io,0.0,0.0,0.0,0.0,6,0.0,0.0,6,0.0,0.0,0.0,0.0,0.0,0.0,0.0,0.0,0.0,0.0,0.0,0.0
core_cache,16,6,quality_surface_compute,postprocess,0.0,0.0,0.0,0.0,6,0.0,0.0,6,0.0,0.0,0.0,0.0,0.0,0.0,0.0,0.0,0.0,0.0,0.0,0.0
core_cache,16,6,quality_volume_compute,postprocess,0.0,0.0,0.0,0.0,6,0.0,0.0,6,0.0,0.0,0.0,0.0,0.0,0.0,0.0,0.0,0.0,0.0,0.0,0.0
core_cache,16,6,refined_surface_save,io,0.0,0.0,0.0,0.0,6,0.0,0.0,6,0.0,0.0,0.0,0.0,0.0,0.0,0.0,0.0,0.0,0.0,0.0,0.0
core_cache,16,6,refined_volume_save,io,0.0,0.0,0.0,0.0,6,0.0,0.0,6,0.0,0.0,0.0,0.0,0.0,0.0,0.0,0.0,0.0,0.0,0.0,0.0
core_cache,16,6,submesh_initialization,setup,0.00030821115619549997,0.0004528350000325,1.4540422420049999,0.000552682689123,6,2.2962109492750002,0.5965173235815,6,74.5,0.0,0.0,0.0,0.0,0.0,0.0,0.0,0.0,0.0,0.0,0.0
core_cache,16,6,surface_refine,compute,0.05317227181255,0.0710386090002,1.337347618225,0.0862964354926,6,2.301631999285,0.594792525938,6,19941.0,0.0,0.0,0.0,0.0,0.0,0.0,0.0,0.0,0.0,0.0,0.0
core_cache,16,6,testout_io,io,0.0,0.0,0.0,0.0,6,0.0,0.0,6,0.0,0.0,0.0,0.0,0.0,0.0,0.0,0.0,0.0,0.0,0.0,0.0
core_cache,16,6,vertex_count_allgather,communication,0.000304663593681,0.0003910544999145,1.25061735395,0.0004770448769005,6,2.585909049825,0.5872381831069999,6,230.0,0.0,0.0,0.0,0.0,0.0,16.0,16.0,64.0,1024.0,4.0,64.0
core_cache,16,6,vertex_count_pre_collective_wait,synchronization,8.405880698125,18.2651602475,2.190740283475,22.1944621542,6,1.737082531245,0.6791523476965,6,492.5,0.0,0.0,0.0,0.0,0.0,0.0,0.0,0.0,0.0,0.0,0.0
core_cache,16,6,vertex_exchange,communication,0.004890303375005,0.0109392710001,2.2428907864500003,0.01324616173395,6,2.58497317005,0.58735677598,6,1138.0,0.0,0.0,0.0,0.0,0.0,23.0,23.0,2756358.0,2756358.0,379390.0,369116.0
core_cache,16,6,vertex_exchange_prepare,compute,9.76379687643e-05,0.00034951399993599997,3.6578818914899998,0.00042480938663850003,6,2.5859265601650003,0.5872365916005,6,222.5,0.0,0.0,0.0,0.0,0.0,0.0,0.0,0.0,0.0,0.0,0.0
core_cache,16,6,vertex_exchange_unpack,compute,0.00315154203125,0.008348890000205,2.626700136045,0.0101449738992,6,2.58588172338,0.587221692957,6,6235.0,0.0,0.0,0.0,0.0,0.0,0.0,0.0,0.0,0.0,0.0,0.0
core_cache,16,6,vertex_numbering_local,compute,0.045004203125,0.06699103050005001,1.49514502344,0.08161541750345,6,2.585930977555,0.5869334643755,6,7100.0,0.0,0.0,0.0,0.0,0.0,0.0,0.0,0.0,0.0,0.0,0.0
core_cache,16,6,volume_exchange_pack,compute,0.963868745813,1.178197066,1.2350893146,1.429032581475,6,2.566063559315,0.5902686788275,6,27464.0,0.0,0.0,0.0,0.0,0.0,0.0,0.0,0.0,0.0,0.0,0.0
core_cache,16,6,volume_exchange_unpack,compute,0.738150553219,0.907271004,1.2280624707249999,1.1064322502050001,6,2.5980539999800003,0.5938080750979999,6,490571.5,0.0,0.0,0.0,0.0,0.0,0.0,0.0,0.0,0.0,0.0,0.0
core_cache,16,6,volume_payload_exchange,communication,0.0384796845,0.2068346325,5.61373532382,0.25093675300249996,6,2.58046106244,0.587724371009,6,7263.0,0.0,0.0,0.0,0.0,0.0,40.0,40.0,58679400.0,58679400.0,6208800.0,6215520.0
core_cache,16,6,volume_payload_prepare,compute,0.0003686869062135,0.000724658500076,1.9380163806850002,0.0008788945487485001,6,2.5859272833549998,0.587235041782,6,632.5,0.0,0.0,0.0,0.0,0.0,0.0,0.0,0.0,0.0,0.0,0.0
core_cache,16,6,volume_refine,compute,3.98621845272,4.4644764565,1.115366410375,5.4302396137799995,6,2.6878968886249996,0.556385291569,6,269435.0,0.0,0.0,0.0,0.0,0.0,0.0,0.0,0.0,0.0,0.0,0.0
core_cache,16,6,volume_size_exchange,communication,0.10950818581249999,0.31400207449999995,3.315075378405,0.380834762666,6,2.5630260153049997,0.588917770431,6,39.5,0.0,0.0,0.0,0.0,0.0,40.0,40.0,160.0,160.0,12.0,12.0
core_cache,32,6,adjacency_build,compute,0.004323458734390001,0.0072448220000750005,1.69971655236,0.01239087525295,6,2.400498558195,0.5971575043435,6,202.0,0.0,0.0,0.0,0.0,0.0,0.0,0.0,0.0,0.0,0.0,0.0
core_cache,32,6,coarse_edge_mesh,setup,0.013707223499949999,0.014743645999950001,1.075216381675,0.025209181548600003,6,2.725062786305,0.476288560867,6,16221.0,0.0,0.0,0.0,0.0,0.0,0.0,0.0,0.0,0.0,0.0,0.0
core_cache,32,6,coarse_local_size,setup,0.5029386962810001,0.55411162,1.0556274025549999,0.942818948425,6,2.31530339485,0.7044503899265,6,245154.5,0.0,0.0,0.0,0.0,0.0,0.0,0.0,0.0,0.0,0.0,0.0
core_cache,32,6,coarse_mesh_save,io,0.0,0.0,0.0,0.0,6,0.0,0.0,6,0.0,0.0,0.0,0.0,0.0,0.0,0.0,0.0,0.0,0.0,0.0,0.0
core_cache,32,6,coarse_surface_mesh,setup,8.759425812705,8.9377942745,1.020363031955,15.2898030804,6,2.887482156465,0.803996666305,6,504267.5,0.0,0.0,0.0,0.0,0.0,0.0,0.0,0.0,0.0,0.0,0.0
core_cache,32,6,coarse_volume_mesh,setup,15.1518594964,15.5664319655,1.02781971142,26.6166035378,6,2.4056011016300003,0.5935199454275,6,882848.5,0.0,0.0,0.0,0.0,0.0,0.0,0.0,0.0,0.0,0.0,0.0
core_cache,32,6,element_count_allgather,communication,0.0001402410781495,0.00030222400005149995,1.832557337065,0.0005152035573255,6,2.400274000105,0.5972615835725,6,110.0,0.0,0.0,0.0,0.0,0.0,32.0,32.0,128.0,4096.0,4.0,128.0
core_cache,32,6,element_count_pre_collective_wait,synchronization,0.001578187093715,0.0021793475000350003,1.38197663385,0.0037115485725300002,6,2.39995156639,0.5972939856345001,6,20.0,0.0,0.0,0.0,0.0,0.0,0.0,0.0,0.0,0.0,0.0,0.0
core_cache,32,6,face_allgatherv,communication,0.07066569618745,0.0718971725,1.0161387966,0.122664385707,6,2.2565892356,0.608291806237,6,33074.0,0.0,0.0,0.0,0.0,0.0,32.0,32.0,4859624.0,155507968.0,153824.0,4859624.0
core_cache,32,6,face_collective_setup,compute,0.00012884948436899999,0.0002261729998735,1.78840734599,0.000387151896676,6,2.32531709695,0.5971640928040001,6,508.5,0.0,0.0,0.0,0.0,0.0,0.0,0.0,0.0,0.0,0.0,0.0
core_cache,32,6,face_global_merge,compute,0.0847400583281,0.08896448250015,1.05058345842,0.1521343563905,6,2.33772235188,0.5929200447415,6,14952.0,0.0,0.0,0.0,0.0,0.0,0.0,0.0,0.0,0.0,0.0,0.0
core_cache,32,6,face_local_extract,compute,0.172795203953,0.182863298,1.0563417829300001,0.31314650207399997,6,2.345951611215,0.593317227132,6,22865.5,0.0,0.0,0.0,0.0,0.0,0.0,0.0,0.0,0.0,0.0,0.0
core_cache,32,6,face_map_setup,compute,0.008056599640570001,0.00886209249984,1.099979133065,0.0151197996436,6,2.325241810675,0.5970333747365,6,8906.5,0.0,0.0,0.0,0.0,0.0,0.0,0.0,0.0,0.0,0.0,0.0
core_cache,32,6,face_pre_collective_wait,synchronization,0.01404076239065,0.03563512150005,2.1592039677550003,0.06097069058905,6,2.314241099435,0.598200036363,6,32.0,0.0,0.0,0.0,0.0,0.0,0.0,0.0,0.0,0.0,0.0,0.0
core_cache,32,6,final_count_exchange,communication,0.0,0.0,0.0,0.0,6,0.0,0.0,6,0.0,0.0,0.0,0.0,0.0,0.0,0.0,0.0,0.0,0.0,0.0,0.0
core_cache,32,6,final_mesh_save,io,0.0,0.0,0.0,0.0,6,0.0,0.0,6,0.0,0.0,0.0,0.0,0.0,0.0,0.0,0.0,0.0,0.0,0.0,0.0
core_cache,32,6,geometry_load,io,1.7655708732850002,1.809462905,1.021477759635,3.083690865085,6,1.7275986036750002,0.871938053528,6,215841.0,0.0,33125761.0,0.0,0.0,0.0,0.0,0.0,0.0,0.0,0.0,0.0
core_cache,32,6,local_volume_mesh,compute,21.74764213545,27.364071103,1.2597130992299999,46.792219036199995,6,2.4302173321250002,0.593268863378,6,499219.5,0.0,0.0,0.0,0.0,0.0,0.0,0.0,0.0,0.0,0.0,0.0
core_cache,32,6,metis_partition,compute,0.14995455059399998,0.15605799050000002,1.03871166447,0.2672932968685,6,2.426054168335,0.597234088436,6,17455.0,0.0,0.0,0.0,0.0,0.0,0.0,0.0,0.0,0.0,0.0,0.0
core_cache,32,6,part_face_create,compute,0.0207806688437,0.02191295900005,1.05433714003,0.037340759997749995,6,2.3274149718099997,0.5961083044890001,6,955.5,0.0,0.0,0.0,0.0,0.0,0.0,0.0,0.0,0.0,0.0,0.0
core_cache,32,6,partition_result_io,io,0.0,0.0,0.0,0.0,6,0.0,0.0,6,0.0,0.0,0.0,0.0,0.0,0.0,0.0,0.0,0.0,0.0,0.0,0.0
core_cache,32,6,quality_rank_io,io,0.0,0.0,0.0,0.0,6,0.0,0.0,6,0.0,0.0,0.0,0.0,0.0,0.0,0.0,0.0,0.0,0.0,0.0,0.0
core_cache,32,6,quality_reduce,communication,0.0,0.0,0.0,0.0,6,0.0,0.0,6,0.0,0.0,0.0,0.0,0.0,0.0,0.0,0.0,0.0,0.0,0.0,0.0
core_cache,32,6,quality_reduce_pre_collective_wait,synchronization,0.0,0.0,0.0,0.0,6,0.0,0.0,6,0.0,0.0,0.0,0.0,0.0,0.0,0.0,0.0,0.0,0.0,0.0,0.0
core_cache,32,6,quality_summary_io,io,0.0,0.0,0.0,0.0,6,0.0,0.0,6,0.0,0.0,0.0,0.0,0.0,0.0,0.0,0.0,0.0,0.0,0.0,0.0
core_cache,32,6,quality_surface_compute,postprocess,0.0,0.0,0.0,0.0,6,0.0,0.0,6,0.0,0.0,0.0,0.0,0.0,0.0,0.0,0.0,0.0,0.0,0.0,0.0
core_cache,32,6,quality_volume_compute,postprocess,0.0,0.0,0.0,0.0,6,0.0,0.0,6,0.0,0.0,0.0,0.0,0.0,0.0,0.0,0.0,0.0,0.0,0.0,0.0
core_cache,32,6,refined_surface_save,io,0.0,0.0,0.0,0.0,6,0.0,0.0,6,0.0,0.0,0.0,0.0,0.0,0.0,0.0,0.0,0.0,0.0,0.0,0.0
core_cache,32,6,refined_volume_save,io,0.0,0.0,0.0,0.0,6,0.0,0.0,6,0.0,0.0,0.0,0.0,0.0,0.0,0.0,0.0,0.0,0.0,0.0,0.0
core_cache,32,6,submesh_initialization,setup,0.000267680609362,0.0004745365001785,1.77466013472,0.000809891523177,6,2.325364070525,0.5971688360475,6,225.0,0.0,0.0,0.0,0.0,0.0,0.0,0.0,0.0,0.0,0.0,0.0
core_cache,32,6,surface_refine,compute,0.0300878928281,0.04066131399985,1.353428723195,0.06960264285525,6,2.329025041975,0.5960354819745,6,13000.0,0.0,0.0,0.0,0.0,0.0,0.0,0.0,0.0,0.0,0.0,0.0
core_cache,32,6,testout_io,io,0.0,0.0,0.0,0.0,6,0.0,0.0,6,0.0,0.0,0.0,0.0,0.0,0.0,0.0,0.0,0.0,0.0,0.0,0.0
core_cache,32,6,vertex_count_allgather,communication,0.00045563235935500005,0.0005950269999175,1.18678696998,0.001014766882135,6,2.400297610325,0.5972585322874999,6,799.5,0.0,0.0,0.0,0.0,0.0,32.0,32.0,128.0,4096.0,4.0,128.0
core_cache,32,6,vertex_count_pre_collective_wait,synchronization,5.969414246655,11.939030019,1.991667665565,20.31347426925,6,1.57191818714,0.7119001764085,6,1148.5,0.0,0.0,0.0,0.0,0.0,0.0,0.0,0.0,0.0,0.0,0.0
core_cache,32,6,vertex_exchange,communication,0.00423122696877,0.0077944184997700006,1.81577019457,0.013335594098499999,6,2.39918353698,0.5974181938495,6,2387.5,0.0,0.0,0.0,0.0,0.0,89.0,89.0,4739768.0,4739768.0,337436.0,482790.0
core_cache,32,6,vertex_exchange_prepare,compute,0.0001192906250295,0.00042319600015649995,3.50751769765,0.000722117532732,6,2.400341317795,0.597254491784,6,609.5,0.0,0.0,0.0,0.0,0.0,0.0,0.0,0.0,0.0,0.0,0.0
core_cache,32,6,vertex_exchange_unpack,compute,0.002604882124975,0.010777455999900001,4.0999130325749995,0.01839406199995,6,2.400299931735,0.5972309724655,6,8837.5,0.0,0.0,0.0,0.0,0.0,0.0,0.0,0.0,0.0,0.0,0.0
core_cache,32,6,vertex_numbering_local,compute,0.027997275265600002,0.05002156399995,1.77727966696,0.08532359175595,6,2.400318530405,0.5969552103294999,6,6111.0,0.0,0.0,0.0,0.0,0.0,0.0,0.0,0.0,0.0,0.0,0.0
core_cache,32,6,volume_exchange_pack,compute,0.510728153797,0.68536259,1.3515369916100002,1.1732441763049999,6,2.387811003265,0.599397651021,6,49232.5,0.0,0.0,0.0,0.0,0.0,0.0,0.0,0.0,0.0,0.0,0.0
core_cache,32,6,volume_exchange_unpack,compute,0.39028529404699996,0.5017127455,1.28621952664,0.8561184664970001,6,2.40604106379,0.6028066459020001,6,500164.0,0.0,0.0,0.0,0.0,0.0,0.0,0.0,0.0,0.0,0.0,0.0
core_cache,32,6,volume_payload_exchange,communication,0.0354000050782,0.173910611,5.059128237305,0.2974096543975,6,2.393184268165,0.5979298806275,6,12971.5,0.0,0.0,0.0,0.0,0.0,128.0,128.0,101000760.0,101000760.0,5203200.0,5196240.0
core_cache,32,6,volume_payload_prepare,compute,0.0003546041718395,0.0006115875000884999,1.73747310042,0.0010469116334645,6,2.400341778135,0.5972524723604999,6,1869.0,0.0,0.0,0.0,0.0,0.0,0.0,0.0,0.0,0.0,0.0,0.0
core_cache,32,6,volume_refine,compute,1.921402694985,2.345523786,1.22193626499,4.00894434171,6,2.495180823195,0.572404138812,6,342263.5,0.0,0.0,0.0,0.0,0.0,0.0,0.0,0.0,0.0,0.0,0.0
core_cache,32,6,volume_size_exchange,communication,0.09371816521859999,0.2547636715,2.843048191455,0.4358857059555,6,2.375767654395,0.5998825327255,6,91.5,0.0,0.0,0.0,0.0,0.0,128.0,128.0,512.0,512.0,24.0,24.0
core_cache,64,6,adjacency_build,compute,0.004379053359385,0.00772193049988,1.76916600868,0.0166500746411,6,2.3126090265499997,0.591280818188,6,475.5,0.0,0.0,0.0,0.0,0.0,0.0,0.0,0.0,0.0,0.0,0.0
core_cache,64,6,coarse_edge_mesh,setup,0.0137506105234,0.0154694995001,1.124517644575,0.0332891587154,6,2.7044344005800003,0.4762565316465,6,32640.0,0.0,0.0,0.0,0.0,0.0,0.0,0.0,0.0,0.0,0.0,0.0
core_cache,64,6,coarse_local_size,setup,0.5579667331325,0.58167693,1.041204262295,1.2615432205300001,6,2.32906868347,0.6981111881944999,6,524677.5,0.0,0.0,0.0,0.0,0.0,0.0,0.0,0.0,0.0,0.0,0.0
core_cache,64,6,coarse_mesh_save,io,0.0,0.0,0.0,0.0,6,0.0,0.0,6,0.0,0.0,0.0,0.0,0.0,0.0,0.0,0.0,0.0,0.0,0.0,0.0
core_cache,64,6,coarse_surface_mesh,setup,8.75937584828,9.0273166415,1.029878006805,19.4669039678,6,2.900752866255,0.8040355352724999,6,1010514.5,0.0,0.0,0.0,0.0,0.0,0.0,0.0,0.0,0.0,0.0,0.0
core_cache,64,6,coarse_volume_mesh,setup,15.0892275606,15.604090508999999,1.0335009207099999,33.6678581668,6,2.39419542105,0.5946536465545,6,1815174.5,0.0,0.0,0.0,0.0,0.0,0.0,0.0,0.0,0.0,0.0,0.0
core_cache,64,6,element_count_allgather,communication,0.00017274641409400002,0.00026263299992049997,1.624205675015,0.0005657216931990001,6,2.3123729368349997,0.5914001040675,6,375.0,0.0,0.0,0.0,0.0,0.0,64.0,64.0,256.0,16384.0,4.0,256.0
core_cache,64,6,element_count_pre_collective_wait,synchronization,0.0009344059687515,0.00135564700008,1.36232831887,0.00293009984427,6,2.312039850765,0.591431846085,6,95.5,0.0,0.0,0.0,0.0,0.0,0.0,0.0,0.0,0.0,0.0,0.0
core_cache,64,6,face_allgatherv,communication,0.07898862895309999,0.08068617950019999,1.03437391706,0.171291475202,6,2.2670597463949997,0.60620434966,6,67796.5,0.0,0.0,0.0,0.0,0.0,64.0,64.0,4859624.0,311015936.0,83720.0,4859624.0
core_cache,64,6,face_collective_setup,compute,0.000126865656231,0.000228052500006,1.79710828555,0.0004900392227205001,6,2.337314218755,0.595174077533,6,1071.5,0.0,0.0,0.0,0.0,0.0,0.0,0.0,0.0,0.0,0.0,0.0
core_cache,64,6,face_global_merge,compute,0.0847986160937,0.08948361300009999,1.05621639183,0.193412678226,6,2.349406325975,0.5910826554999999,6,30421.5,0.0,0.0,0.0,0.0,0.0,0.0,0.0,0.0,0.0,0.0,0.0
core_cache,64,6,face_local_extract,compute,0.1723254355235,0.1822255965,1.05819714263,0.3916712835365,6,2.35723468721,0.5914898346799999,6,48916.5,0.0,0.0,0.0,0.0,0.0,0.0,0.0,0.0,0.0,0.0,0.0
core_cache,64,6,face_map_setup,compute,0.007991220382814999,0.00858834499991,1.073877349375,0.01850465383365,6,2.33730354962,0.5950539579065,6,17053.0,0.0,0.0,0.0,0.0,0.0,0.0,0.0,0.0,0.0,0.0,0.0
core_cache,64,6,face_pre_collective_wait,synchronization,0.013278281703100001,0.0335507865,2.5267043031,0.07210639770124999,6,2.32764633304,0.596106846491,6,258.0,0.0,0.0,0.0,0.0,0.0,0.0,0.0,0.0,0.0,0.0,0.0
core_cache,64,6,final_count_exchange,communication,0.0,0.0,0.0,0.0,6,0.0,0.0,6,0.0,0.0,0.0,0.0,0.0,0.0,0.0,0.0,0.0,0.0,0.0,0.0
core_cache,64,6,final_mesh_save,io,0.0,0.0,0.0,0.0,6,0.0,0.0,6,0.0,0.0,0.0,0.0,0.0,0.0,0.0,0.0,0.0,0.0,0.0,0.0
core_cache,64,6,geometry_load,io,1.7635822242849999,1.81900661,1.032052389055,3.9087746052299996,6,1.74363878075,0.8719129939329999,6,389474.5,0.0,66251521.0,0.0,0.0,0.0,0.0,0.0,0.0,0.0,0.0,0.0
core_cache,64,6,local_volume_mesh,compute,13.09485554885,16.868772601499998,1.28814436405,36.3408153701,6,2.31424003047,0.5907889929075,6,520996.0,0.0,0.0,0.0,0.0,0.0,0.0,0.0,0.0,0.0,0.0,0.0
core_cache,64,6,metis_partition,compute,0.182004161375,0.1889851225,1.03949198092,0.408510579311,6,2.4276662724799998,0.5967538701385,6,35136.5,0.0,0.0,0.0,0.0,0.0,0.0,0.0,0.0,0.0,0.0,0.0
core_cache,64,6,part_face_create,compute,0.0206126236875,0.022702514,1.100388293815,0.04819752768965,6,2.339361301025,0.594152180891,6,2031.5,0.0,0.0,0.0,0.0,0.0,0.0,0.0,0.0,0.0,0.0,0.0
core_cache,64,6,partition_result_io,io,0.0,0.0,0.0,0.0,6,0.0,0.0,6,0.0,0.0,0.0,0.0,0.0,0.0,0.0,0.0,0.0,0.0,0.0,0.0
core_cache,64,6,quality_rank_io,io,0.0,0.0,0.0,0.0,6,0.0,0.0,6,0.0,0.0,0.0,0.0,0.0,0.0,0.0,0.0,0.0,0.0,0.0,0.0
core_cache,64,6,quality_reduce,communication,0.0,0.0,0.0,0.0,6,0.0,0.0,6,0.0,0.0,0.0,0.0,0.0,0.0,0.0,0.0,0.0,0.0,0.0,0.0
core_cache,64,6,quality_reduce_pre_collective_wait,synchronization,0.0,0.0,0.0,0.0,6,0.0,0.0,6,0.0,0.0,0.0,0.0,0.0,0.0,0.0,0.0,0.0,0.0,0.0,0.0
core_cache,64,6,quality_summary_io,io,0.0,0.0,0.0,0.0,6,0.0,0.0,6,0.0,0.0,0.0,0.0,0.0,0.0,0.0,0.0,0.0,0.0,0.0,0.0
core_cache,64,6,quality_surface_compute,postprocess,0.0,0.0,0.0,0.0,6,0.0,0.0,6,0.0,0.0,0.0,0.0,0.0,0.0,0.0,0.0,0.0,0.0,0.0,0.0
core_cache,64,6,quality_volume_compute,postprocess,0.0,0.0,0.0,0.0,6,0.0,0.0,6,0.0,0.0,0.0,0.0,0.0,0.0,0.0,0.0,0.0,0.0,0.0,0.0
core_cache,64,6,refined_surface_save,io,0.0,0.0,0.0,0.0,6,0.0,0.0,6,0.0,0.0,0.0,0.0,0.0,0.0,0.0,0.0,0.0,0.0,0.0,0.0
core_cache,64,6,refined_volume_save,io,0.0,0.0,0.0,0.0,6,0.0,0.0,6,0.0,0.0,0.0,0.0,0.0,0.0,0.0,0.0,0.0,0.0,0.0,0.0
core_cache,64,6,submesh_initialization,setup,0.0002577353906365,0.0004632155000765,1.76851129931,0.000983623836044,6,2.33735961919,0.5951785120995,6,478.5,0.0,0.0,0.0,0.0,0.0,0.0,0.0,0.0,0.0,0.0,0.0
core_cache,64,6,surface_refine,compute,0.01780775523435,0.0245542749999,1.37632395077,0.05240806185055,6,2.3401409330450003,0.5944469683514999,6,3738.0,0.0,0.0,0.0,0.0,0.0,0.0,0.0,0.0,0.0,0.0,0.0
core_cache,64,6,testout_io,io,0.0,0.0,0.0,0.0,6,0.0,0.0,6,0.0,0.0,0.0,0.0,0.0,0.0,0.0,0.0,0.0,0.0,0.0,0.0
core_cache,64,6,vertex_count_allgather,communication,0.0005369475000095,0.0006831185000920001,1.19986169544,0.00147278351403,6,2.312256776125,0.5914102344034999,6,2401.5,0.0,0.0,0.0,0.0,0.0,64.0,64.0,256.0,16384.0,4.0,256.0
core_cache,64,6,vertex_count_pre_collective_wait,synchronization,3.946391832025,7.320292289,1.845093384905,15.64039294055,6,1.44280558195,0.70042025773,6,2345.5,0.0,0.0,0.0,0.0,0.0,0.0,0.0,0.0,0.0,0.0,0.0
core_cache,64,6,vertex_exchange,communication,0.00349777199999,0.0068713460000249995,1.96385305661,0.01479266813975,6,2.311194915265,0.591563729953,6,4750.0,0.0,0.0,0.0,0.0,0.0,228.0,228.0,7113282.0,7113282.0,326392.0,325424.0
core_cache,64,6,vertex_exchange_prepare,compute,0.000100901570299,0.00032240399991699997,3.235984654085,0.00069280025977,6,2.312405288945,0.5913964910439999,6,1087.5,0.0,0.0,0.0,0.0,0.0,0.0,0.0,0.0,0.0,0.0,0.0
core_cache,64,6,vertex_exchange_unpack,compute,0.001970315078115,0.00647775700008,3.279472964875,0.014049500170499999,6,2.3123676199450003,0.591372488672,6,14289.5,0.0,0.0,0.0,0.0,0.0,0.0,0.0,0.0,0.0,0.0,0.0
core_cache,64,6,vertex_numbering_local,compute,0.016348591148449998,0.0282421775,1.7318749060099998,0.06098536352495,6,2.3123764268900002,0.5912342034415,6,6786.0,0.0,0.0,0.0,0.0,0.0,0.0,0.0,0.0,0.0,0.0,0.0
core_cache,64,6,volume_exchange_pack,compute,0.26769770261750003,0.3413017035,1.2690431633350001,0.734778953597,6,2.305866594315,0.592777528208,6,87694.5,0.0,0.0,0.0,0.0,0.0,0.0,0.0,0.0,0.0,0.0,0.0
core_cache,64,6,volume_exchange_unpack,compute,0.21064393707,0.3136044665,1.49031286574,0.6718165456125,6,2.317656714115,0.5953974066684999,6,524925.0,0.0,0.0,0.0,0.0,0.0,0.0,0.0,0.0,0.0,0.0,0.0
core_cache,64,6,volume_payload_exchange,communication,0.0156322305859,0.0644856905001,4.289352979795,0.1370065724015,6,2.308122028345,0.591813677531,6,20760.0,0.0,0.0,0.0,0.0,0.0,304.0,304.0,150935160.0,150935160.0,4212000.0,4225800.0
core_cache,64,6,volume_payload_prepare,compute,0.000331683773432,0.0006441475002245,1.932007496515,0.00139505163077,6,2.312405821585,0.5913950689905,6,4637.0,0.0,0.0,0.0,0.0,0.0,0.0,0.0,0.0,0.0,0.0,0.0
core_cache,64,6,volume_refine,compute,0.937609947234,1.4192517535000002,1.51552149573,3.05922445161,6,2.37968984963,0.575259970734,6,469346.5,0.0,0.0,0.0,0.0,0.0,0.0,0.0,0.0,0.0,0.0,0.0
core_cache,64,6,volume_size_exchange,communication,0.04330029732025,0.1696363055,4.0665161979299995,0.3667986304725,6,2.2975073248699998,0.5928640503014999,6,253.0,0.0,0.0,0.0,0.0,0.0,304.0,304.0,1216.0,1216.0,36.0,36.0
core_cache,128,6,adjacency_build,compute,0.004780020617205,0.008318220000089999,1.7335659206399998,0.0203095520363,6,2.23182893304,0.586273729415,6,1098.0,0.0,0.0,0.0,0.0,0.0,0.0,0.0,0.0,0.0,0.0,0.0
core_cache,128,6,coarse_edge_mesh,setup,0.01374794486715,0.015288274499900001,1.111946682995,0.037610209752399995,6,2.7104903018349997,0.475071618042,6,65133.0,0.0,0.0,0.0,0.0,0.0,0.0,0.0,0.0,0.0,0.0,0.0
core_cache,128,6,coarse_local_size,setup,0.5604260500195,0.6902362725,1.2286007102749998,1.70189505716,6,2.283810119155,0.7075257383219999,6,1048530.0,0.0,0.0,0.0,0.0,0.0,0.0,0.0,0.0,0.0,0.0,0.0
core_cache,128,6,coarse_mesh_save,io,0.0,0.0,0.0,0.0,6,0.0,0.0,6,0.0,0.0,0.0,0.0,0.0,0.0,0.0,0.0,0.0,0.0,0.0,0.0
core_cache,128,6,coarse_surface_mesh,setup,8.751829798735,8.964043514,1.0238953311199999,22.00172873745,6,2.891463489425,0.8043769718364999,6,2048054.5,0.0,0.0,0.0,0.0,0.0,0.0,0.0,0.0,0.0,0.0,0.0
core_cache,128,6,coarse_volume_mesh,setup,15.122573649300001,15.6129572595,1.032264603135,38.33026772345,6,2.40197107819,0.5941697174685,6,3638091.5,0.0,0.0,0.0,0.0,0.0,0.0,0.0,0.0,0.0,0.0,0.0
core_cache,128,6,element_count_allgather,communication,8.94662304596e-05,0.000271233499916,1.84181406207,0.000666077685676,6,2.2314854985599997,0.5864359635325,6,121.0,0.0,0.0,0.0,0.0,0.0,128.0,128.0,512.0,65536.0,4.0,512.0
core_cache,128,6,element_count_pre_collective_wait,synchronization,0.0007453062343785,0.00100365200001,1.294870184825,0.002464457401885,6,2.231306406705,0.586454867598,6,66.5,0.0,0.0,0.0,0.0,0.0,0.0,0.0,0.0,0.0,0.0,0.0
core_cache,128,6,face_allgatherv,communication,0.0816598226484,0.08518587050005,1.04214036118,0.205615015924,6,2.2683347949100003,0.6059600089915,6,138019.5,0.0,0.0,0.0,0.0,0.0,128.0,128.0,4859624.0,622031872.0,45816.0,4859624.0
core_cache,128,6,face_collective_setup,compute,0.00012300713282099998,0.00023825350012900002,1.93463867574,0.0005857695787885001,6,2.345346546125,0.5942823968775,6,2158.0,0.0,0.0,0.0,0.0,0.0,0.0,0.0,0.0,0.0,0.0,0.0
core_cache,128,6,face_global_merge,compute,0.08502820252345,0.09028321850000001,1.06241833688,0.2210704191745,6,2.357182857065,0.590299962044,6,47475.0,0.0,0.0,0.0,0.0,0.0,0.0,0.0,0.0,0.0,0.0,0.0
core_cache,128,6,face_local_extract,compute,0.17201338741799999,0.182572152,1.0617785196499998,0.450205480756,6,2.36467094684,0.5907278124240001,6,96640.0,0.0,0.0,0.0,0.0,0.0,0.0,0.0,0.0,0.0,0.0,0.0
core_cache,128,6,face_map_setup,compute,0.00798853324609,0.008856529999775,1.1086442170650002,0.0216957133121,6,2.345280519135,0.5941667633609999,6,34842.0,0.0,0.0,0.0,0.0,0.0,0.0,0.0,0.0,0.0,0.0,0.0
core_cache,128,6,face_pre_collective_wait,synchronization,0.01772170622655,0.042469878000050004,2.211824867935,0.10472563252799999,6,2.334152556135,0.5954833181135,6,480.5,0.0,0.0,0.0,0.0,0.0,0.0,0.0,0.0,0.0,0.0,0.0
core_cache,128,6,final_count_exchange,communication,0.0,0.0,0.0,0.0,6,0.0,0.0,6,0.0,0.0,0.0,0.0,0.0,0.0,0.0,0.0,0.0,0.0,0.0,0.0
core_cache,128,6,final_mesh_save,io,0.0,0.0,0.0,0.0,6,0.0,0.0,6,0.0,0.0,0.0,0.0,0.0,0.0,0.0,0.0,0.0,0.0,0.0,0.0
core_cache,128,6,geometry_load,io,1.761518903085,1.8399570920000001,1.03443973172,4.517500877830001,6,1.72306912753,0.872597016525,6,752543.5,0.0,132503041.0,0.0,0.0,0.0,0.0,0.0,0.0,0.0,0.0,0.0
core_cache,128,6,local_volume_mesh,compute,8.907366817525,11.978397487,1.34393752722,29.442490600299998,6,2.22099727412,0.5863114105195,6,578680.0,0.0,0.0,0.0,0.0,0.0,0.0,0.0,0.0,0.0,0.0,0.0
core_cache,128,6,metis_partition,compute,0.247235538625,0.256495887,1.03755666757,0.6297919343630001,6,2.41770100798,0.5988117877770001,6,91060.5,0.0,0.0,0.0,0.0,0.0,0.0,0.0,0.0,0.0,0.0,0.0
core_cache,128,6,part_face_create,compute,0.02093749358985,0.02398752649995,1.1448036829250001,0.057954916728,6,2.347354542715,0.5932686395405,6,3982.5,0.0,0.0,0.0,0.0,0.0,0.0,0.0,0.0,0.0,0.0,0.0
core_cache,128,6,partition_result_io,io,0.0,0.0,0.0,0.0,6,0.0,0.0,6,0.0,0.0,0.0,0.0,0.0,0.0,0.0,0.0,0.0,0.0,0.0,0.0
core_cache,128,6,quality_rank_io,io,0.0,0.0,0.0,0.0,6,0.0,0.0,6,0.0,0.0,0.0,0.0,0.0,0.0,0.0,0.0,0.0,0.0,0.0,0.0
core_cache,128,6,quality_reduce,communication,0.0,0.0,0.0,0.0,6,0.0,0.0,6,0.0,0.0,0.0,0.0,0.0,0.0,0.0,0.0,0.0,0.0,0.0,0.0
core_cache,128,6,quality_reduce_pre_collective_wait,synchronization,0.0,0.0,0.0,0.0,6,0.0,0.0,6,0.0,0.0,0.0,0.0,0.0,0.0,0.0,0.0,0.0,0.0,0.0,0.0
core_cache,128,6,quality_summary_io,io,0.0,0.0,0.0,0.0,6,0.0,0.0,6,0.0,0.0,0.0,0.0,0.0,0.0,0.0,0.0,0.0,0.0,0.0,0.0
core_cache,128,6,quality_surface_compute,postprocess,0.0,0.0,0.0,0.0,6,0.0,0.0,6,0.0,0.0,0.0,0.0,0.0,0.0,0.0,0.0,0.0,0.0,0.0,0.0
core_cache,128,6,quality_volume_compute,postprocess,0.0,0.0,0.0,0.0,6,0.0,0.0,6,0.0,0.0,0.0,0.0,0.0,0.0,0.0,0.0,0.0,0.0,0.0,0.0
core_cache,128,6,refined_surface_save,io,0.0,0.0,0.0,0.0,6,0.0,0.0,6,0.0,0.0,0.0,0.0,0.0,0.0,0.0,0.0,0.0,0.0,0.0,0.0
core_cache,128,6,refined_volume_save,io,0.0,0.0,0.0,0.0,6,0.0,0.0,6,0.0,0.0,0.0,0.0,0.0,0.0,0.0,0.0,0.0,0.0,0.0,0.0
core_cache,128,6,submesh_initialization,setup,0.0002738515781465,0.0005219274999040001,1.910709470115,0.00128151420551,6,2.345390599695,0.5942865289654999,6,992.5,0.0,0.0,0.0,0.0,0.0,0.0,0.0,0.0,0.0,0.0,0.0
core_cache,128,6,surface_refine,compute,0.011350622554699999,0.01483320750005,1.30383565147,0.0363921243271,6,2.347446815145,0.5938105801635,6,6098.0,0.0,0.0,0.0,0.0,0.0,0.0,0.0,0.0,0.0,0.0,0.0
core_cache,128,6,testout_io,io,0.0,0.0,0.0,0.0,6,0.0,0.0,6,0.0,0.0,0.0,0.0,0.0,0.0,0.0,0.0,0.0,0.0,0.0,0.0
core_cache,128,6,vertex_count_allgather,communication,0.0006640606015615,0.000777069499918,1.17006109515,0.001908123030285,6,2.2290942609249997,0.5866957632409999,6,4277.5,0.0,0.0,0.0,0.0,0.0,128.0,128.0,512.0,65536.0,4.0,512.0
core_cache,128,6,vertex_count_pre_collective_wait,synchronization,3.281155690995,5.634968883,1.71411371525,13.61233278145,6,1.486910597255,0.6915795867115,6,4181.5,0.0,0.0,0.0,0.0,0.0,0.0,0.0,0.0,0.0,0.0,0.0
core_cache,128,6,vertex_exchange,communication,0.0028855721835949998,0.00472861599997,1.652363888265,0.01161814646105,6,2.2304833153,0.5866674912184999,6,8499.0,0.0,0.0,0.0,0.0,0.0,548.0,548.0,10931976.0,10931976.0,247170.0,260832.0
core_cache,128,6,vertex_exchange_prepare,compute,7.57204296953e-05,0.00029743350000899997,3.8926871267,0.000731073116519,6,2.231586472265,0.5864247761795001,6,1541.0,0.0,0.0,0.0,0.0,0.0,0.0,0.0,0.0,0.0,0.0,0.0
core_cache,128,6,vertex_exchange_unpack,compute,0.0014199442695300001,0.00448107450006,3.2240773112500003,0.01104208779115,6,2.231558921155,0.5864012304245,6,9328.0,0.0,0.0,0.0,0.0,0.0,0.0,0.0,0.0,0.0,0.0,0.0
core_cache,128,6,vertex_numbering_local,compute,0.011004351406250001,0.0187832145,1.698962606035,0.046176807264050004,6,2.23154624547,0.586308421284,6,11752.5,0.0,0.0,0.0,0.0,0.0,0.0,0.0,0.0,0.0,0.0,0.0
core_cache,128,6,volume_exchange_pack,compute,0.147729045328,0.2146458485,1.44768591823,0.5188759152769999,6,2.228521579795,0.5870802486875,6,71003.5,0.0,0.0,0.0,0.0,0.0,0.0,0.0,0.0,0.0,0.0,0.0
core_cache,128,6,volume_exchange_unpack,compute,0.11484104708199999,0.1808361645,1.576083937045,0.441704430919,6,2.233010817295,0.589083245982,6,469989.0,0.0,0.0,0.0,0.0,0.0,0.0,0.0,0.0,0.0,0.0,0.0
core_cache,128,6,volume_payload_exchange,communication,0.014083357882800001,0.0930369475,6.834788658595,0.228443555883,6,2.227209786175,0.5870175507865,6,19457.5,0.0,0.0,0.0,0.0,0.0,688.0,688.0,231635880.0,231635880.0,3578640.0,3574800.0
core_cache,128,6,volume_payload_prepare,compute,0.000284175082038,0.000693868499866,2.438668299005,0.0017002066740650001,6,2.23158696432,0.586422187944,6,6598.0,0.0,0.0,0.0,0.0,0.0,0.0,0.0,0.0,0.0,0.0,0.0
core_cache,128,6,volume_refine,compute,0.478405234914,0.7344076930000001,1.532556274815,1.79823032933,6,2.277146733215,0.576626672985,6,817323.0,0.0,0.0,0.0,0.0,0.0,0.0,0.0,0.0,0.0,0.0,0.0
core_cache,128,6,volume_size_exchange,communication,0.0301633456367,0.0912941135,3.1414779726599997,0.2241642850175,6,2.220758326505,0.5877538940914999,6,495.0,0.0,0.0,0.0,0.0,0.0,688.0,688.0,2752.0,2752.0,44.0,44.0
core_cache,256,6,adjacency_build,compute,0.005240985994135,0.00929808749993,1.78836936872,0.024944537375,6,2.1432174573299996,0.581901643795,6,1767.5,0.0,0.0,0.0,0.0,0.0,0.0,0.0,0.0,0.0,0.0,0.0
core_cache,256,6,coarse_edge_mesh,setup,0.01378604996875,0.01562109749985,1.13310902022,0.0419600871496,6,2.7244152959949997,0.4769027633325,6,142013.0,0.0,0.0,0.0,0.0,0.0,0.0,0.0,0.0,0.0,0.0,0.0
core_cache,256,6,coarse_local_size,setup,0.49595603480649997,0.682145497,1.3690151614400001,1.8205951221499999,6,2.28297756249,0.7111843547945,6,1886511.0,0.0,0.0,0.0,0.0,0.0,0.0,0.0,0.0,0.0,0.0,0.0
core_cache,256,6,coarse_mesh_save,io,0.0,0.0,0.0,0.0,6,0.0,0.0,6,0.0,0.0,0.0,0.0,0.0,0.0,0.0,0.0,0.0,0.0,0.0,0.0
core_cache,256,6,coarse_surface_mesh,setup,8.73875435113,8.981658738,1.0275214051,24.123058181650002,6,2.900929031905,0.804838833641,6,3557436.5,0.0,0.0,0.0,0.0,0.0,0.0,0.0,0.0,0.0,0.0,0.0
core_cache,256,6,coarse_volume_mesh,setup,15.1062003551,15.688842177000001,1.03815902414,42.0860171777,6,2.399128394405,0.5941467165959999,6,7365089.0,0.0,0.0,0.0,0.0,0.0,0.0,0.0,0.0,0.0,0.0,0.0
core_cache,256,6,element_count_allgather,communication,9.29637089895e-05,0.000131441999656,1.41225624939,0.000352496982722,6,2.142910025525,0.5820884211605,6,175.5,0.0,0.0,0.0,0.0,0.0,256.0,256.0,1024.0,262144.0,4.0,1024.0
core_cache,256,6,element_count_pre_collective_wait,synchronization,0.000430825320306,0.0005440565000754999,1.232896404545,0.001453552506285,6,2.142764122955,0.582105056227,6,151.0,0.0,0.0,0.0,0.0,0.0,0.0,0.0,0.0,0.0,0.0,0.0
core_cache,256,6,face_allgatherv,communication,0.07960654129690001,0.08421456249995,1.0589955338750001,0.226314732524,6,2.21087122213,0.609819215336,6,267653.0,0.0,0.0,0.0,0.0,0.0,256.0,256.0,4859624.0,1244063744.0,26864.0,4859624.0
core_cache,256,6,face_collective_setup,compute,0.0001172736035045,0.0002455930000455,2.0967865203900002,0.0006584192905679999,6,2.2900601201699997,0.5975838639205,6,4313.5,0.0,0.0,0.0,0.0,0.0,0.0,0.0,0.0,0.0,0.0,0.0
core_cache,256,6,face_global_merge,compute,0.0854643670078,0.09298640350015,1.08830098406,0.249462624422,6,2.3029892145849997,0.59325796819,6,114748.0,0.0,0.0,0.0,0.0,0.0,0.0,0.0,0.0,0.0,0.0,0.0
core_cache,256,6,face_local_extract,compute,0.171811512902,0.1958269305,1.14060705933,0.5257791289275,6,2.31156432267,0.5937280727309999,6,192229.5,0.0,0.0,0.0,0.0,0.0,0.0,0.0,0.0,0.0,0.0,0.0
core_cache,256,6,face_map_setup,compute,0.00803294571093,0.009536809499875,1.18937763656,0.02562001624025,6,2.29004494326,0.597455724945,6,79875.0,0.0,0.0,0.0,0.0,0.0,0.0,0.0,0.0,0.0,0.0,0.0
core_cache,256,6,face_pre_collective_wait,synchronization,0.0430354207129,0.07577499600005,1.65901057293,0.201791561894,6,2.256548639435,0.600689878888,6,1349.0,0.0,0.0,0.0,0.0,0.0,0.0,0.0,0.0,0.0,0.0,0.0
core_cache,256,6,final_count_exchange,communication,0.0,0.0,0.0,0.0,6,0.0,0.0,6,0.0,0.0,0.0,0.0,0.0,0.0,0.0,0.0,0.0,0.0,0.0,0.0
core_cache,256,6,final_mesh_save,io,0.0,0.0,0.0,0.0,6,0.0,0.0,6,0.0,0.0,0.0,0.0,0.0,0.0,0.0,0.0,0.0,0.0,0.0,0.0
core_cache,256,6,geometry_load,io,1.76153393065,1.8547224395000002,1.04211809333,4.980829645955,6,1.750877568525,0.8720627989995,6,1504862.5,0.0,265006081.0,0.0,0.0,0.0,0.0,0.0,0.0,0.0,0.0,0.0
core_cache,256,6,local_volume_mesh,compute,6.59338791094,8.9172006505,1.3531498047550001,23.91790132705,6,2.1261002002350002,0.580677989474,6,466664.0,0.0,0.0,0.0,0.0,0.0,0.0,0.0,0.0,0.0,0.0,0.0
core_cache,256,6,metis_partition,compute,0.391655775086,0.426355126,1.0896072162350001,1.14519026903,6,2.35191702348,0.607984350208,6,202477.5,0.0,0.0,0.0,0.0,0.0,0.0,0.0,0.0,0.0,0.0,0.0
core_cache,256,6,part_face_create,compute,0.02154450299025,0.02467712500015,1.14440148884,0.0662946146199,6,2.29235820679,0.596441635097,6,9261.5,0.0,0.0,0.0,0.0,0.0,0.0,0.0,0.0,0.0,0.0,0.0
core_cache,256,6,partition_result_io,io,0.0,0.0,0.0,0.0,6,0.0,0.0,6,0.0,0.0,0.0,0.0,0.0,0.0,0.0,0.0,0.0,0.0,0.0,0.0
core_cache,256,6,quality_rank_io,io,0.0,0.0,0.0,0.0,6,0.0,0.0,6,0.0,0.0,0.0,0.0,0.0,0.0,0.0,0.0,0.0,0.0,0.0,0.0
core_cache,256,6,quality_reduce,communication,0.0,0.0,0.0,0.0,6,0.0,0.0,6,0.0,0.0,0.0,0.0,0.0,0.0,0.0,0.0,0.0,0.0,0.0,0.0
core_cache,256,6,quality_reduce_pre_collective_wait,synchronization,0.0,0.0,0.0,0.0,6,0.0,0.0,6,0.0,0.0,0.0,0.0,0.0,0.0,0.0,0.0,0.0,0.0,0.0,0.0
core_cache,256,6,quality_summary_io,io,0.0,0.0,0.0,0.0,6,0.0,0.0,6,0.0,0.0,0.0,0.0,0.0,0.0,0.0,0.0,0.0,0.0,0.0,0.0
core_cache,256,6,quality_surface_compute,postprocess,0.0,0.0,0.0,0.0,6,0.0,0.0,6,0.0,0.0,0.0,0.0,0.0,0.0,0.0,0.0,0.0,0.0,0.0,0.0
core_cache,256,6,quality_volume_compute,postprocess,0.0,0.0,0.0,0.0,6,0.0,0.0,6,0.0,0.0,0.0,0.0,0.0,0.0,0.0,0.0,0.0,0.0,0.0,0.0
core_cache,256,6,refined_surface_save,io,0.0,0.0,0.0,0.0,6,0.0,0.0,6,0.0,0.0,0.0,0.0,0.0,0.0,0.0,0.0,0.0,0.0,0.0,0.0
core_cache,256,6,refined_volume_save,io,0.0,0.0,0.0,0.0,6,0.0,0.0,6,0.0,0.0,0.0,0.0,0.0,0.0,0.0,0.0,0.0,0.0,0.0,0.0
core_cache,256,6,submesh_initialization,setup,0.0002825812304615,0.000659497999777,2.345451631695,0.0017569798995,6,2.290108131995,0.5975882389414999,6,1844.5,0.0,0.0,0.0,0.0,0.0,0.0,0.0,0.0,0.0,0.0,0.0
core_cache,256,6,surface_refine,compute,0.007494886332015,0.009671033000134999,1.293815069895,0.0260217639446,6,2.29184568868,0.5972383878584999,6,12322.0,0.0,0.0,0.0,0.0,0.0,0.0,0.0,0.0,0.0,0.0,0.0
core_cache,256,6,testout_io,io,0.0,0.0,0.0,0.0,6,0.0,0.0,6,0.0,0.0,0.0,0.0,0.0,0.0,0.0,0.0,0.0,0.0,0.0,0.0
core_cache,256,6,vertex_count_allgather,communication,0.000631431222666,0.0007109195000795,1.099132689265,0.00191032806411,6,2.142860378265,0.582275831201,6,5438.0,0.0,0.0,0.0,0.0,0.0,256.0,256.0,1024.0,262144.0,4.0,1024.0
core_cache,256,6,vertex_count_pre_collective_wait,synchronization,2.4125090277199996,3.8039662219999997,1.5664247637650002,10.218115223249999,6,1.393165260495,0.6851680864205,6,6219.0,0.0,0.0,0.0,0.0,0.0,0.0,0.0,0.0,0.0,0.0,0.0
core_cache,256,6,vertex_exchange,communication,0.003211758929695,0.013399804000100001,4.1670610749799994,0.035984764114350004,6,2.141680258185,0.582252025457,6,12474.0,0.0,0.0,0.0,0.0,0.0,1264.0,1264.0,15938714.0,15938714.0,193050.0,180686.0
core_cache,256,6,vertex_exchange_prepare,compute,3.214970703255e-05,0.0001236914999935,3.777505566355,0.0003315995890865,6,2.14293528344,0.5820844756835,6,405.0,0.0,0.0,0.0,0.0,0.0,0.0,0.0,0.0,0.0,0.0,0.0
core_cache,256,6,vertex_exchange_unpack,compute,0.001026773238265,0.003582663499855,3.4480691939800003,0.009534561720635,6,2.1429210265650003,0.5820633972175,6,9066.0,0.0,0.0,0.0,0.0,0.0,0.0,0.0,0.0,0.0,0.0,0.0
core_cache,256,6,vertex_numbering_local,compute,0.00689788400195,0.01231563199985,1.78545392346,0.0328485988251,6,2.142895169505,0.58201650365,6,1245.0,0.0,0.0,0.0,0.0,0.0,0.0,0.0,0.0,0.0,0.0,0.0
core_cache,256,6,volume_exchange_pack,compute,0.07836066612695,0.111022615,1.41933355958,0.2973492585905,6,2.141745915295,0.5824480431765,6,16888.5,0.0,0.0,0.0,0.0,0.0,0.0,0.0,0.0,0.0,0.0,0.0
core_cache,256,6,volume_exchange_unpack,compute,0.0617537985293,0.139352502,2.2576995214849997,0.3737157824885,6,2.1439232233150003,0.5836990870945,6,110844.0,0.0,0.0,0.0,0.0,0.0,0.0,0.0,0.0,0.0,0.0,0.0
core_cache,256,6,volume_payload_exchange,communication,0.009134794738295,0.04359082100015,4.93347018163,0.116947832493,6,2.139504476455,0.5824102335765,6,5361.0,0.0,0.0,0.0,0.0,0.0,1512.0,1512.0,336278400.0,336278400.0,2480640.0,2490960.0
core_cache,256,6,volume_payload_prepare,compute,0.000149129207051,0.0006972085002415,4.59948950336,0.001860026761145,6,2.14293681873,0.5820812484755,6,1813.0,0.0,0.0,0.0,0.0,0.0,0.0,0.0,0.0,0.0,0.0,0.0
core_cache,256,6,volume_refine,compute,0.24059201625749999,0.3689271625,1.53340822289,0.986620316733,6,2.17092879966,0.5766488561959999,6,1242911.0,0.0,0.0,0.0,0.0,0.0,0.0,0.0,0.0,0.0,0.0,0.0
core_cache,256,6,volume_size_exchange,communication,0.0175206563926,0.05579843449985,3.18454542164,0.14856966158899998,6,2.13405307365,0.583006301299,6,1371.5,0.0,0.0,0.0,0.0,0.0,1512.0,1512.0,6048.0,6048.0,52.0,52.0
